pid,frame_index,frame_sha256
P1,0,34b5939b0c4ff90013623a697accfca29c4d59d3a8ad4dedc0fb035366ed9b5f
P1,1,3eb1dc815b3ab918703c72712cb779dc1bb189c0dce2486728e708bbb43c1f54
P1,2,2374cda57f4cb35da5a3862ced18b1e2f11dea278ea828805de2404ab6c65921
P1,3,051f1770661c4b236775ee77800ce0025b258bcd4cf97be2b5423ef502dba237
P1,4,e28509605715c51674c94ace9e7aad0d6f79bd81a4790296bdad2e15100f297e
P1,5,ba99c5684a7836a38e42d57f05910f38f9b50b7c5212797fffa48104f75ce3a3
P1,6,6b7404ed6066263ccc827fd536689230b102d81e33188dcb2f55311926644398
P1,7,d57ea7a816ae01990ad377d225196faf2bb8fdef4147fc3bf6f8ffe84f5c006f
P1,8,82e6e8030cb7660881ab5e2756e6829662511b6c802a615d84406ca8e859bf46
P1,9,676561e103224616b231d7391965586440c82daff463bca846264471738fbc9c
P1,10,6ad87c5171d2114d9c42fcad9c651d8c2d6badfb38577500c52d2f0fef9ef7a4
P1,11,73421d599a296f0ab55ad068235c1bcb364e09c646797e852e4198c6cf2c4fa7
P1,12,7e3caf5ff9922e5a36d3294604df840606477a4df69a2517119a25f2f9a1bceb
P1,13,97fb901788579c7647b593e33415b8e588d45201bfe641daacbced9aed3aa274
P1,14,7ccba4aae17b46c4d43bb22394f227ee6e516f1781b787366b00a95760c869c4
P1,15,8c431de2b5fe7870c3e5b193e164885a42f80eb0d9d4fabe4aecb21e0187d021
P1,16,199749c6072ff65ac15bc19cc32e6d7fc2b3bd14455dd5aac892013c13742a0a
P1,17,e66e4f644dce096f0f7adad17c1ca32d094fe6a282b6d86f41493cb391ce1ce5
P1,18,eb3d1ed4d8f9cfaabbe55909367227ec8de27f6519675c1059538d810b431aa9
P1,19,1bd56b4d04330b338fb8ca2939508d4d967980e81dc9010bc31bf596fd90ac92
P1,20,dc414c22303b6ce757c89b3b8954c494de33171ce919d3a7fb8caf22ec2574fd
P1,21,c15f4b87c43f06fe71866565bb523157bb430a4151dcb3ef3cbcdd8edc514ae5
P1,22,553c634634da84652d122a1562ddad689303c18d459c6e00cd56eb359ba984bf
P1,23,bdef690c130ca5a77ad80961b77508889562fcfcf5710317dccd027f83b99af1
P1,24,b5c34d53a5e2069cd8f0e3eb149b4730841fce54315ee5f0bf8729f8f98d0754
P1,25,53c8329584db5dffd86bc8cc2dda652282974181c44b7df60e316ae94bef4334
P1,26,13073b28664ffd2189932d595f9a7b17cfb3dee55f7f4b0ce5a5b2d8528ce075
P1,27,08de6a1a53b931662c6fb06802889e62fd545b4dd651ecf52fb7c048e33a92fa
P1,28,4a300a213108428999ef7398b10a75b6b9cd5bbb888bc93348f97a4211ca7da0
P1,29,c6fdf4473e3a4f512e5b2398716e9e20dcfc63490dca47511e0216f63da75da2
P1,30,73eab08da1f5607e55d8a47c25a525bf374e08bf1bd6f65e7b0ee4f1da30cab0
P1,31,096ba37305b61f224ae0844df5d20868bcfdf022a7be7fcc3c3c432dfad20ee2
P1,32,19ad4b93c13904c08ee934d3cadd2c53134dd487a496a7885de2dc35ad517e00
P1,33,aa4469179ec03da125f8ae6e788c417b4dab2bf6ae897cc685a8291654f8541d
P1,34,ac0c7a121e07fee364dc95210096c7665a2b7037bb7365f7812ff02880d7a833
P1,35,3a89b2511ca6f5f96dd07f1ceee1ea37bb66722aaee005473871215859c0181f
P1,36,d6c98a5907a3d7ae3cc8677db3cb9d5dabbc447b2ec4d674a88b14780ca91b44
P1,37,fbf73a71b2bbc987baacf6b63f4aaabce3e42910ea8b7f9997ecfcb5cad9cce5
P1,38,6532a1a4c51388eb253852b1ea01fb72fd699759f82f3744d50e6f5017389b30
P1,39,9f09b4ec6df01cb093194ae55010792f956cc2da4aa927647effb00ce9f1cfee
P1,40,dd0f988412222b9bb2961cca200324b7f02caf4300ecf603eac0bfe123a6a205
P1,41,e0f82dfa0e5c43711fd7f7a2c260781de8f2c6faf15cde6fe4ae4f00c259527d
P1,42,84ea676a32d12d78f9775a89edd7857401a1ca4cf5ac7cb374bedeb5f1b2d9e9
P1,43,cf703cc408cc81a5634ee500328591a42e8d86086ff264e5faf5d4a1c6d51c36
P1,44,76fae5993b2b8ee241d72c422c3ba0fc2814b11fa90d0ea279c5fa1039a7e28c
P1,45,0cd5e3f3b2f168129f718806530e847524f0769bcbb677d81c8981409cc9afd5
P1,46,93c4c710dab6df86d3d44ba1ac1db45de4605ae97a85b6b45b7a765f90ff0b67
P1,47,2146e1a68276452b74b8c9740353dde007bd05773bfc1e17295f39832029a7be
P1,48,099ca8e63a8dcd8f6aa9c0b2467b296c0d8dbc55badb6e99e2cae50285f9e799
P1,49,74d5bd1a1acfdbe6bdcdb9c28f22927e52f3470be6e95864547c409d37d49770
P1,50,fce0a0def5c218687d41ef1f6133b0585a43b0403e7db9a171b8505dc168ce1a
P1,51,f4270545fdfed84ff55235c9ce6c19e664fab6664e580de34009e9956e911d6b
P1,52,572bfcc08667fe38da758ef176096efaf53cae4680ed61b76a56aa8c4de467d0
P1,53,049bd838979868c0686979e07ec02533b353ab9cfbe894a7962d8b89c747363c
P1,54,f728d74d6d593228b3c30a4a20de2688cbfbd215ede09a6764057c72f994369c
P1,55,637037e462b706bace9027392bf23f6526a8523d6bf86bbdb71b2d30cee7b8c5
P1,56,404e24cfb5932350fac3d6e231ae2d69217ea68c7d98a4b7259582faedbc7e9c
P1,57,02cdb75a51faefffcd6657da82aa528727ec6d40c31dfb0c5f8533312d0cb494
P1,58,650f9fc8189951980d74d78f937a3ce1f07cf574f8e7ca803a71d395c842a5ef
P1,59,5f9cb09827005877193691613d1f1c252f57e8a4c2da0ecd7bfaa5e1a875d547
P1,60,d51ac8c5e9feed232e29762301d545979edb1ee919332e2b0d2ba4cac6f99fab
P1,61,00f93828884db70afaad784d94c4c344bdadab9cc5a293705e7586ca0f3e728b
P1,62,fabba7d93788d1a98df030c5dbe194d31d51e5be13eab54349faf6329c554a17
P1,63,322d233e89823a6fbc511c67f89ffdf6dabf6d9a30384e43a5ec25b38f1a19f9
P1,64,361a9d26c14217f9f5898d01209f8663609db000982f24c34bec2efac6eafbe0
P1,65,6f32799b031b29e07710aeb162bcf381b06bcdb2ccecd904924d86db8386516a
P1,66,0590e17c37135fcbb9d37ca8a7b04ba01728a2f1e7ad88c9c1a7175a4ef43a16
P1,67,6bb139bf5e96b0bda9e3d19ba7f71dd1229a5d60c90afb4daf518fb2bcc4cd90
P1,68,888ffaf5b8f1fc1d8fe405d3f9c6e6b3076f20b4c278aae7e6cc03d4f81da417
P1,69,9e4a715eb361ce3e2737d588c8710da751a933f180515604c30e03abd77a0c9b
P1,70,2c1fcfdc80ec4957a0c580bc3e63b0762e8ef1b35fc0ab8b444cfa71c0f5c3ed
P1,71,364db5dcd46188b35c0b94ce7cae0b36856ece45371bd83e5ebbd412ebe34c24
P1,72,fee3580a19df8d7ec537058582db9ddd01d21a524edcb264c34185a720ce38c1
P1,73,aadd378a6d4fb95110372d72dceaccd15a693dc7863acf240e9af1b4f0521887
P1,74,b691690735ae57fe71a6d11c568cbabde060af8cf07fb79e6212fa2f4a7c5111
P2,0,9ba87cbd8fca73686965204510427f10e89d19be1275f3123dbfee9b4994a4c8
P2,1,4dc28439fbd5d398a2151882d2dab1018282e81f79254fe0b723e3ed78f266ec
P2,2,3e8575d3cef650618e3410dc12d91778f1a48db83787d85aa6725ba6b85fa0a1
P2,3,28571525f65f284749437a2b8ad14398855b90bd28489cdc5785febc35d67023
P2,4,d73082cad63dfd0b2117f54f29f919b120c4b2220e63ce0710413b20a480909a
P2,5,47307a50d54c1efc2b87e57ea7984110dcce229ed12a70ec87fa27eead72cfe0
P2,6,07e9ea6e0b2ccd2cb9eeeda28f1d138f88996d639290b93276670abcf95a6cc5
P2,7,739ffb9940e60e587034cbd6be384120aeaadc6284292cf3c96992db468a0be3
P2,8,bdc0677699500373005cf4f42542976284bb058e22248ae8e201ae86e0495c85
P2,9,390919672eb667076f762877f90b0248f48da8473de8cc4e9077dba66720dbdc
P2,10,f6c9502c71308763ffd47ebc38059b4be9dcf98032b9f5b5bd6c09ee40282b5e
P2,11,581ff75e579c574567c87435dbd86a27bc8a05a46aeeed8c3a47534710f63ef7
P2,12,0c9404230cc1db44344652ff02b3cc02bd1b1f9869132d9f5b077ad33f7a99ad
P2,13,6320b8b3df45a873dd244532062542b7189cb5b37f5dbd62ad772ac6ee5d298d
P2,14,db7c99a2c64f3943768627db5ef687b66e9f3e794614c43f90af6065ce02514b
P2,15,f1241a88f22523e1d143916e14a5f3b11f5523c5393ad79e40b26f65a106a070
P2,16,06051651c204306d2ebbb6edfcd7787287e886ebd7b32ac71deee6f1cce8cd71
P2,17,dcf7e430b113a97259284f7d5c17241d9dd8b9078b6d6e54151c0e9442c8bf1c
P2,18,886956d40779fda9611e9d2c2e77d67f973e87c9931439275df1ddf70e85cf29
P2,19,2faf111ee602bc43c45aab992c88ef4142c6f9dc88328e5996450fb7dd920484
P2,20,424aee3020afb0f5c0b75c5b6b6909123dc13b566f5c3af886dfd533a74ca698
P2,21,c0af9b90c552665a4aeaed47d36e44c48170e2f72a94820d541d1be7d86df4a5
P2,22,a728f6041d666e5a75e1bf3647cc3513510903cad9ab9ff32b6030ee2e08cfc1
P2,23,cfcb26134627d0243e26cfb99014c1267bcef8add50d6d2f85e4b2a3ed89e2d0
P2,24,914db208f6e0cf50994a4264e67ef36fa939fde44bb197e37c9d32054116dc05
P2,25,f72a5ee93d3b6d96f8e5666ecabc4eb7c31eb6980668e1e9516f6fa74192e5b3
P2,26,ecf69386658257cf19c4bdcd3832630b9c425184e15b9634b278e822aca2cf99
P2,27,5ba8964b2e6e5dee7b897a012808d36d628fa54574ba11033a4f83ba0ff3dadb
P2,28,236d79c919d055bd0834f7a2fbab30d6322efee4a18fe2c2adce04593c100f3b
P2,29,81b475248a968ec7bc6911e1ef8e05d1f34a672714fe7361be2483a61422e68e
P2,30,eb2b79e4b07c2c4786788d7eb9837141c45b835e037b4526bc3341e77deed09e
P2,31,110de26510165e1332a59ff0d302d756f92958fc7a0cd0a3103d69fc93504f1c
P2,32,f646722f7c7681ad2adfc2051a3701e88534807ae096c49be75f6130b3d78a6b
P2,33,0c342ab465c9f3262eb6aaa053956ac1a81628db91548289aca8a1b3a9481b73
P2,34,81a57ad965efdaa2e8211a88f8d0401be74c33ab14c1e334fc45ec2fb4734ed4
P2,35,df02fe88357759658c4db371325d56609b2532819fe8f86364021d6f06a708f8
P2,36,53cf23ef50157f1c1d6cc30f67d9a5007009f7b81379b066f3c2e8dbb2001d49
P2,37,bca88277addf87f54e063c55ad38262f9820528a293992b1efbab77fffe7890b
P2,38,71282cc254fce167b5d52caf512035b42bb8d5a01acc0ef2414e3f684f0d8758
P2,39,c2484fa8e101fe447c71c561c7a1bf41a88ecf32cc7cd599ddf8b62fa22c413a
P2,40,0348aeacafdd6b0f76eaefbff90d607e0c905f432c6e3a58abaaade39d1f383f
P2,41,6db299135e449108364b4404907f4ca578ec7a6badf18b71a971fade5783742e
P2,42,11a4e2b11a8d9c695054178e4215036ff4edec1a6aebf3353ea52935f7a4814e
P2,43,fa0558d8103dc858911fa7d6eced2f6d6c97b855b7fecb58ad0f4b366d4dd141
P2,44,85a9721a980e7c2a19fd9f2c8c5c22f7a4276153b2402d2736661b52cdd40203
P2,45,a243e65c3709535bfb78b02998416bae236f5b04f9f3d94fc28ce983cb3cf86e
P2,46,bc2bd4f52a178fba9b72e7b7ab44034ac60c2a47a43c2d89cce39e4400df0f68
P2,47,8716a23b4b68c6e6e8aaf2265e8188f85058a8d7e89689cbf8a4afca0a9e85ed
P2,48,f751aae4db52952c0a87fd33dbce88cce5664f68436eca1d25371e76cde17c7a
P2,49,0b9307c58acb4ccf57a16f32d6c23dcb6e9f0569da61f50291156e15c19d0fbd
P2,50,44a49e626ac99c2be72033861ca4171c51ae6255673de29ae2b438f6b07f9b90
P2,51,9c22677cbc714f6a521fdbe844b95872f94d5c23cf81ff0c6ce190fc5a5fb392
P2,52,f87138a644d72d3218809e529304240b2cf2b3b3cbdb8d037ddcce42c19ac144
P2,53,46731626664ccfcf3d1f78ef00993d4ee7f5caf146f5f67c5c4d716b56b2b5ed
P2,54,245180150998e18c36dd9c6fde06655bda7d5b3b721948a7e3756737e45a7365
P2,55,eeb9b6138975a4b8673bd590a74265369466019d6b619ad5e14e2bb30d0581bd
P2,56,9d7f2ed6289b929bc2f3e35ef4a16b000d436963df8267517647ce5ead42e4dd
P2,57,3e7061b4f8a79abd345f368cc4a03612483addeb9673163588face3063470220
P2,58,4ded603dc26792db101451c1f9103d50f424a45125f6a0b9176d969d07e27af4
P2,59,ebcbe6ad7fd4f3093791422a351e2f0bbc4b272bcfa1aedf9d50196e075f0bb4
P2,60,f02c4d63f056702ac387db45372f4cabb85e2419b615c9233e0afcbb2d39a3a1
P2,61,d32ccc0ad4a62bb4d4bac3e31e84afe3d447daf8a2e5f71df2e268db53fddad0
P2,62,24abcbb2251a7159205f4e3b683dc40811879378a50f58dbdfda7c25441c57a8
P2,63,4d08c244511687bc391d0dd0c20548270b9531472ef06f16e05eb84f3965824a
P2,64,9a8f6c5c45bfb4337563e43f52e05e853d15085e701bb988578aee6a55ceb906
P2,65,2ee0a76a87f20e26a67a1371ec668bc549757f3b88317a948baa6f81a370dbbb
P2,66,aa002ec7d4b4578d8658a81ac447e435c7fd6c1e788826de803fb9cb098d3a89
P2,67,09ae1a60253e8cbe9e1ef4ba89dea09efd8ce0fc48ce1a2e1a9fdffad334e2f2
P2,68,c6c4b4101def1014941f08e3673e871ed3afff14e4b10377aa0ab79910a56950
P2,69,74aff2a98c27f9e14ac67d3d0b6f14e094cdc93ebf035fd3eeedf56f815f2487
P2,70,95a95a1d6580162682309a16a5999f07be4418a03cf7093ec132ef7362227a56
P2,71,2a01d13b62bf9c6b244cc9b262c44a4280ad440982625064e5aa0b042185b10c
P2,72,bc63077a5934eaa4a523d8368f96f3d0db2650fe09ef3e4b5edacf39584af212
P2,73,b1f8806fe0ce00c3e7d1e5eeaebe477a274c18dbb27c88f6df8eea2306e148c0
P2,74,59d546ac3afd714d533b0ccfda460335e1c56268848bcd7315bf367578d59aa8
P3,0,545e8209b36d33dbaf1e5394cb279ab6246762cfd392d6b4417de818d1d976d2
P3,1,541cc1603cc4394e4164747de0612b33fb157fa9e352b71c6916b14ad9929fda
P3,2,bf0ae765ad1d5dcf434194eb15a080f4daeabbeae7881c64cfd6731244038870
P3,3,857cb001eb3ff0605a3e8683548104492ae21de2e08dbec1ae556e28c8331c1f
P3,4,2963e65b11e79ec2435133d6832e211f434ce479169824234e26b7f7bd673f37
P3,5,0a665de186a06e266e15d3d9c802e26f4bf17cbf61922a7118df474723a13232
P3,6,5f1563321edd8565245e782fe339c6563515748e59ac992637365f278d60fdb2
P3,7,60c224b54a56ccb94e56e7608e6736ebd8d557bc5709bf3bfad719bcd25c605e
P3,8,8d4d47b2711a5e47887c5cebc397f0482123e14a932690223d4a2a99c3817d47
P3,9,ca19bc1f9ed724101ef46a4de1ae5c8090ad25013401d91bfb49fc3f27d52caa
P3,10,36eaa84dffd2debfafd8de669b4e61ff723348a12e1e27109114fa1379148f3e
P3,11,89d7c0f6a38af48820965d620c7d0d7b86a2430ea149bb2b7ebf9df547440c2f
P3,12,6fb634923ce1de30ce5182acd5b8589eb715796a6c5ab0147d64c664ab6f4409
P3,13,965b2cccd9f808f9b5f892efc9d9436893824847214d4fc76624357841a3f57c
P3,14,182ce97acebb4951b490fe8d9ce7df879c1dc706150e0d45679d02a730b4b89c
P3,15,95fd31a553b001dba9130e4b3d0f5a98bcf0cd29370637442cbe7c7a971ef45c
P3,16,24149636638ae58da5d4fd348a6404b6ac29dee285c131375d33075c4cdfcb41
P3,17,e6e09e873e42725735e6acd197f7f616b4905d9c566459c6d519f3b485cc95ff
P3,18,a1fe7f2f56a1211852deae234656a7b51a010ba844db3ec07df4cece0bc6d044
P3,19,2117f4b1a04f469367d0dc9b05d6f5ae534dfc2a99176b6430890a44fb491cc0
P3,20,d0734ae5218187f8d5a126a450cbea886d9cb5804ad63e869189d41e710f8f95
P3,21,3834e7f03b526b36fae5a6a6f6d69b32e681c86c4c6347a3334e9bffcb184c87
P3,22,5f484e056f7908e7a5eb6b2b472660d25795f980d7560c6a3eccc4745bb8c525
P3,23,3042df431391782075155f9f26ac6f2388600bca557ceb5ecd186809367ae1f7
P3,24,f906888d1dc9d82c1881e34d8d784f7fbbbd6f935f3ae291f22f49b4eec6903e
P3,25,f45cb1f3239fb57edf559ff847a90af06cc67164de6205b311d210365b7c6950
P3,26,22f82015cfa8a7c29d2c2e030d9787ef0c3d2e470304200e45f3a467e4fc2dbd
P3,27,4fd87e6bc0e4ba78c09b00e71c44e35d6bfd9084e4f4bfd4d32801c141d4cf4b
P3,28,46e48a5c792ebdc97dfd3e7ed5793ed21a1bcb8a31c0f8fe2655fa0b5a66c5ac
P3,29,44651ec38209e0dc35f6874cd4297fc07c83fbc5594882585400b16fc177c2c4
P3,30,08a3c6d04149f18d0630e9069880eee92cd0db190d82539a8090f49f8d33cf3a
P3,31,a4cd3eb4ad2db97b5b1358a168caf0764fb1935f6ed37dc0f0e207b58ed25c8e
P3,32,89f3353b2c34e2d1549b7ba46d7b8a6680bc9fbedaf884c10b6671c868ec1d6a
P3,33,518ce6e53c9af8282c531b5956ad98f77db01e17df11de77fbf438d612ea056c
P3,34,96aff73634178bb79bb45a236ffad4f5c4b7f883dbcb10dea970633ecb76da45
P3,35,1ff76ec6a60b370556e500f7718106765834942106a119b153f630af132ac911
P3,36,60f33cb267c73b2f248f26a24a8f86e59f39059ce88e538f643ee2a7c99a44ac
P3,37,f57db5fab56d604b4d3545a81e726d09dcb0a8c4b49ec8367feec3688712bfd1
P3,38,2d506daa79439d37c4030d6092d0b1fabefaec969e3ea6631d63b98af336740a
P3,39,85b69ccb95a8e5dfc3421a0595011a2f015a5eea5ef8197cdc2051a1e9316455
P3,40,9f2cf7f03a944ef827c52b49de66a6b71f0bb83104528e55db9e0ebc7cd754df
P3,41,f0f0f4ef7e2f5b52f2e3d3425f51b1819bc3e6ad3b3ed26f70cf4f4e98c96f8a
P3,42,7f78ef97802523e97cb4a0c3c76f0807e038fc271cdf825d0d1975de47ded3a1
P3,43,0f888c98d132b4fa862626d61b1deba1ae4438c97412757493a9fecd497b39ef
P3,44,ad35001e32325476be3bd6abd315d7bdf6c1771e6d0fdea44c08099615b60424
P3,45,eba65c05f5e07f5da197b2670ab469acaf0557a0eec76badcb25be16b5a2dd60
P3,46,5d2e56a4114a2e24555f1ed16c5169afe6a64e5cc9d8e9a0a4b6c0e5e2d82f90
P3,47,c97aa96d5d42e0236ece6f3bf13576160a6dfb191bf678d36f31e5dd2ffdde26
P3,48,beabc1fa5eccabc0cded0714e3bbb7c474043eecb4dd393a67cd29bb5383674f
P3,49,afafcca3ca33cda4add0dc158ef955e76afce3b29ddda2ada94153d7caf7600c
P3,50,f4de1e5a3ecf69d3117c84d9d2b200fb8f1aaf772a2f2d36381fe8b4b435c22f
P3,51,78d0674f2a6df13c76249774fcfb5181f9ee150597e0fb6baa1b6ee1b1761527
P3,52,d3cfcf359b2f9d06d8807e6e42a461cca140f47c89b429cbf2c40812cbafab60
P3,53,f8872c7c458156f28131a655145baa1e4fa93bbb9b84da459ad3318755418fdf
P3,54,2759a83932011908d52d99c492dd31337739cc58affa106a18f7d3b7b265841b
P3,55,19a9abfce4b287d15feb6b9b0ab68c937e46d5af5976c7329c743c8fdbb412ea
P3,56,e81e3edd99aeb447077b33b4492d0aadb55b69dd35ccbc3962fb7d0e6beaf741
P3,57,0fa55fc641af49f5b1fcd34b27400646eb73980ed734c342e2ebc76c6d407fdb
P3,58,fa37adac714a11d698dcd944acd55e8fd6e23df8cf9a2c897901b76e84a07aa6
P3,59,0fea8d6dc984cacb502ffb3c1575e72322c0497cc3483f06c4d250ba6fb05f41
P3,60,2a36594a9a9ef87c682e8a8e12de517ef6d5bf163e6adabaecd71e6f8f6a9afe
P3,61,11616edf3c789906c3b8dca129a877e1c5ac493f1f685de8326ed167bca872a9
P3,62,9ba8c451945b17514c89e76f5322a55d4d2b09b0ea1c52bbf4e5e597ab93ce04
P3,63,b9e69d4b29b0cd5f394addda85f2089f149f6d09e6ca1f83a48bdaa992c72c84
P3,64,d9c160353909d8a1b6d700b226d39b0e670e9bc2c19ab247fbecbe5b33710e17
P3,65,c6f3fae9e1c8371b5fc5191b137b14cd1e56b31fe28d45d01366e018b5949790
P3,66,b586a6293f7ae8f5f1526c23334843e4972761d3aef8519425416e5d4f7bcf5e
P3,67,312d297c90c81b904b4928126be8055942a7f415df779faa027de8e6ff1bf030
P3,68,0e06e04cab6aa7916553fd494969b194234d124f0a6a587798d1635033aa9b49
P3,69,ba52fb0461648ad83566757b571c099e9d9ed53d3c0acb144aec7531799ee669
P3,70,c3b01eb95f9715824c0e302f4850c68757dd652a671a53091c7b295adfede70e
P3,71,f009e81b99ff7fef45d7009192bb1c95ffc75812c48a9b3ca13c7ebfdf3b2740
P3,72,472ebd5627ae631130a9dbc6f7a5075f5786adb397f552e3b154582347485c07
P3,73,266330b3439cd0a8c6c751af1997b4c78b06272c8aa6075b1ccdd8c88eb97759
P3,74,da74c5483c8b84ca565fe2a6677dc8669cbb09808bb858f63637f35d3eb0ff25
P4,0,90eee16240fce6281b0cb82a18816708550e1cbaaaec066db9e218526fc6797d
P4,1,35ff4da84a09f35c0a0a090259587d4e1fc92e01360c6237eed30fc4224b72b9
P4,2,18176bd9f65792569d87b549f5b3cc81b441ea3babee04aef21e0406229ee8c1
P4,3,383f3f3dbd68f7a6c54a6639f3963602c7fb39cd39f46e2cacc5994c89d544b1
P4,4,1436837b63ca6666d428cbbcad133a826beffd69b67c24f733eee780106b8e5f
P4,5,b2817cece9b9b059688ed14d31284c4ed688ae9232d199dab032c68e52111790
P4,6,c1a91fa3b569ff3207a85a07a5813258ced1ffe2f63e0ce4699e664696f48fff
P4,7,2ba1ce4997cc3c24cd29242024c4c0febf633a3135a3fb7bc698816a3aaf58c5
P4,8,a6603dd6550f38ba7f041e90832e8852356f462462ebfbbc1ee9d7d2fa9c38aa
P4,9,be04b1d8d4eab64ca3e40b485960d0439d0c0f01748e28badf4a6f6c1edc3dea
P4,10,504228e28b33ae881b3b4612f3b71886c82f89cbae8664be40743e3f1afb2993
P4,11,5078d6a767a775bc85ed8671bc104e8a0ccfef6bb4727a5476df6c8c1e8bff8e
P4,12,aa91e81ea779e5341e7a28543b2d12ba60cd9336a3b47f2757cc1c4d1f89a0b9
P4,13,65a83fa5c40ebefc038bbd08f54115aeb7b290ae0d405d57ff04683faa3c4ff0
P4,14,f99b0351ac32c93861d14e83aee2da8da3ff0e5a40ef7d88df1f06ea3e5fa6d7
P4,15,83187012508b46588d5b9e1e6031216914e28956bfa4ddb856a7df1b56e2efd1
P4,16,230bff972695869fdc212e62eb26f0ca71520696c27d50f74b23cac6282f42c2
P4,17,b9893ac430cedd8af043efa71c79764f900a4d9469e4a4a115200b3dcb8fb058
P4,18,72d404d768dc05f8e6f4236246602cb38d7c3c0322cc739a68b3f7a64f68da36
P4,19,3c7490ba8979a5edc224ca1244ac581789a6a1db4ced2d86c9730118b1e69827
P4,20,22f1d0330a20886927aef42b68365bf62e58e4020f8b41cff47ac168eaaa2a5b
P4,21,e978223ad61c705972e7f0b378f9812655efb758323bc23418b642a88ea5705f
P4,22,1577e2ad80f003fcf913afbb17471dc5c0aea200c41fd4b08f9ea42bbc20ab2b
P4,23,18131d6b2fe6a36bef7505a67074526680690512c2ca420f80cd14ef7ad23251
P4,24,5cd7b47bfc3246219f9501e62c2bae06250b4deaffa23f220d88b00b20530263
P4,25,c519d8f05a7a831f6d49e41eca9cde1f26d2d58222fb95166ed4970d64edec2c
P4,26,d5ff9614bf251d8c6e7d28a4d5c59d01bf886f5d4b0e0b521b9a775e31803e13
P4,27,a1beee81de487e691be2ba92ee7d64ba2288082806b44044c004bdfa538d5900
P4,28,35646b45403b83dbc80482c52e95697aa09b6f0996e93f8501684e365c41e551
P4,29,f0ad3509e4b08c64683d3f5f6ddc485a4722a3cea8dbaed892e0617ab1ebf337
P4,30,03bbfbd372ef8226cc4add5c3f623809b3342864b88a0643203496c3f10fdca6
P4,31,53ab4dfbd5784173dc8693e5d8bba19a4d9517f94637497d56f4d99397497dc6
P4,32,05c806332e80398f902186ad1e578ec2847a46c2b3e74e594a02d71ec05ec5ff
P4,33,482c43e22371f88d34fed69a60d22686fe26d6334d0a8d56e97205c7f2cde9bb
P4,34,b0283bae63121cc63ea1454c834802d1137f02fe7b3306cdf72a5b70c99facd4
P4,35,81ef01b4b95404696cd7f4a7f021e6e909d692457736d649c37fe0d2ffa2e3bf
P4,36,ed81bb0cc846e3e985a630cc03498afb100bac8db722d4908bc6ffc658591ee3
P4,37,c6e1b49cc306c12c7695dc22d12c0ca3190b8c5c4312104caea58e87fe3cb95c
P4,38,c8543f6bc716b4d642d41d6695e3dab383d65266f948e55ebee6a990672bdf0b
P4,39,b40a545341fb36713a5183c568687ff71175a25d63e8c81120e4ca26004ac453
P4,40,3637f2c6ff39b4d2a92d075ac092735a70b70cb04cd280b070e72b739da1c11e
P4,41,c52c2434ebd452ee968df2a16f1aa961c88d4b0b4666a3e958bde0e0d42c409c
P4,42,c9a48e613dc711350f0480292086d420769c30b8b3e1140b2b9bf39f057f3ab8
P4,43,0880e152af3c018b5494502ea77dd6f2d3adea69a128c7feaac4f355d5026e02
P4,44,0ad8a45f4bc15674505b4ea1d1b7fed2ec50042561f32ff37cc16bfb8d6399ed
P4,45,5d17084fe09f7d7ebadacb5e7eb45d642447063c9725b76562f6c3935968e790
P4,46,6ee25afb54b35c40e80f9ea490307330d6d5d5f0043477abeced29d3bc866f0d
P4,47,a5d583a0efda8e713f4c577370b30fc1d5a8120722df4fb354172e38c3736b8b
P4,48,e33c3eeecb826d02b614e45c17c1118262bde0359c657a980570daf3470815b7
P4,49,aa1ca45c702723a0b670b0d8e69e6ad84f9beb2bfd7bc896bb6323d83146aa5c
P4,50,8bf788529861733371e8e6ebf940577c869fed9f12a125231614a6e1738b19e5
P4,51,d5f5763fded27ae48b04d160a5d3782a1ce1be4d4f6bd3eaad0a1f296c687cdd
P4,52,debd4815086c07cbc63bb1ec28b1f05c846d92fb151f1f87561061e9c1251677
P4,53,f69ab1c4f9090b3c436de850ef695d1b9b2bfce9cf77fe5de5b682d8e2e947d0
P4,54,5e7ad30195e85c32b2eddc4f2f16c08ae1aafab951682cbbf83fc1e61a26b031
P4,55,61627ab2d64e2f174911b1fb17a85eea75a5f6e884dca5f282984b5fa039fc0b
P4,56,8057f03de946b4eb234fd05e38c947cd91519f9769a43290d5e3374373bd3880
P4,57,6df9bde40492f7d7a1a979b66a786764be930919094065a7166559bf402d040b
P4,58,720d4e43444b9c65239b674d03a8b8ac24315cbb8da7bb7e23b571347177b1a5
P4,59,ba6ed2f2f0123d3de0783c0e17a832cbcce43318d73d14e1975c90f21ce1beed
P4,60,0a233af35b9c6fb32962381ccc21ad63ffdb852a2ced80536738d38fd6f53892
P4,61,6a03c284a9129d22bbc1366e9036617c72b14d5b8c7cc0a397565dda3f70b0bb
P4,62,71f41e84bbdfa4ca140fdd5a09974ba94ca1a1b75c8c78bfa7fa15ab5f0a03c7
P4,63,9136978f9158c2c76fb0e698bfa34b6b0d0fdc00750de0cebf6eb95acf33663c
P4,64,69fcb7396c2250b063375e1339bb7c9be90eadea79813f104baa2804f38c21b0
P4,65,9e16aa521ce5dc7fe63765f4a335c4df9f5f509172ade0cbb2f7429ae049a6cd
P4,66,c8446d17e85741c81a38f3ec588cfd331f09a447f29837a434432058a55ff681
P4,67,f5f65ba35213ab7e416f9d76583f792fa0691db86b68b0861b220cf6b7a3b28d
P4,68,0be2f9b738153b513f52b752a633882cd703f0eaaa402212321b2347f41403e2
P4,69,075ca4b983ac286f6fb324f2c983581b25b7ac7184353fd0fd6e749e966241c6
P4,70,1ce2aabec165675f77b45c37ebb400dfefe0b5960312bf0919bd68060f2a6f8d
P4,71,41827507c61a8935bb7b476ccd377b444af575ce08cff015fc89c8ebe85cc658
P4,72,de040b5937ecba1bef3973e3669d4ea5eff66bd07db1bc30cf50bdee70aab3a8
P4,73,f973364e907d3d164afe6ed965b4f29c09ecb82b4a0586414cabecf942bb9e90
P4,74,219b2096106833925e1aba1272633d42da7c081480bf27e8a907f26c686cf8f2
P5,0,827dd90afc3300385a6f3efcc5ccd43593d2ae136d2b9c86e7a708d084e66bc2
P5,1,c6da5f554b2dc7cc8583b5a6350d0fd8881a13bf3b04b31e87ed2a954f2f4c4f
P5,2,43527c85d2a369e1edd415e922c959ec44ad506e25b432695f622b23911d75d0
P5,3,5958ec6331cf6dbc4f6fe5c4374b9692bc1c29f556d90b0c530bcaff1999ab19
P5,4,fa990dd43ac7e35c8435d6607428d7898b46ecb881ec9bdc35b5fc7014a59dcc
P5,5,ffe15ab09be7ba4633ac2dfbb0fe0e4d75bd28bf91bf251a654a20977c3ca915
P5,6,7c2a589a3749a12a11c1cde8b9143ea1091ea6267e4add0daa0785f6fd478c5c
P5,7,b8838529118cbd252ca34650dc92da1c5d31eaa46b575dc6ae74389da61fd36f
P5,8,d01a60f4a9e690d539f218bcbab877fe60b0feec095d4d27fa15f23b45f2c2a4
P5,9,b14694c9355ca13198cc5be8ca89a0b25ad012792741282780b07d5af5fac3fb
P5,10,b382fed829defc656782bf10c00a12ee376d91aba03d5f7910b0030c91cedc89
P5,11,d1b98cc68e55d206258591c6c977af32ff7f2231f8ca463974522dd91f8650c9
P5,12,f134722bba7acaa45edde01f7e3b0736482048b49a7c74d431871a5cb8fea317
P5,13,6225366cbbfd82dd1dabb3aa7f8a2c4364e5e49124a60476f7bbf9a95e48ebcb
P5,14,427558af301dabee07c58bbba1e91bf8ea6e637cafaff5c7b1246e45cd7418c5
P5,15,003df09c6040c4559148ecaea8f1982f6845be9f9341a8687b0acc8a8f69c44e
P5,16,9ddf3b9491e42dc672d116bc453362e9dcbc40a1dc65fe8733644217b568c794
P5,17,0d7091b14a6f8fc8e473a5178f1aa00723759f4b94e64ebce2d610171b1ba547
P5,18,9b9429795b19dacb773f131f7fb22eae8058f2ba4867a08e78630cba7cedd2ab
P5,19,29759c3d1e81ddc5edacec4f4591aad0a28df3975d00f1651e8a5924ef7a5a68
P5,20,9c1f8a0640cf4f30f2dd06a76a01995b19ed3d9bfc2147a2012f09044dd79312
P5,21,1d7d860cff4d330859a6313cda687f517fe56e410f25da155d7cfef1ff36773d
P5,22,7eca194367f8f0d5442e68a9a05bc1a8e50952584150ee4d1b62a06e547be447
P5,23,43bba65080cbb92c9968d24903f674c886322ef4582a5e9f4dcee6c71e8fec6f
P5,24,5ae6918d47346dcf87d5d63e9da0881459c8f82fd30a90a0f91c80daf26a48c2
P5,25,77d7b7e53a67b8dd0ec65d404dc019cfdf95292ac18cbd18d271c03890ea1f34
P5,26,c9aaa26aacb34d0bd76f0c45da559bbcf6cdc6363f25959233ebd0118aa73a5f
P5,27,cd38c618d4fe68bf8c08ddf6acc63754982cdd7b2ae6c205be848ce54aef657d
P5,28,fe7079b8b5b498bed548bd3ab0f8fedb3585764840abc12ceffd34f5f50de2e7
P5,29,955c3e839054745894dbde2f54cdfca5056115e5b71f6dd01299fdb1ed35a773
P5,30,70958e813f5e9f52861a2595e1f247904625fb9c96161b156b19766b2f07ad27
P5,31,32d74d4b6bfec08f45e3246743389667f8e4a84e057483fc400a3aef792298d9
P5,32,1ccfcd18b66bc6ef5a605ce38eaccf5b6b74f427a3242045946b2bd3c8c37bf9
P5,33,0fa4b19038cfb0709a947d8e02d7ce1963ab9974ae349e8438278cb975f57a32
P5,34,3d843cca1d934b142363bd36ba09ce6c8160fc34d1afad37764993e8c9756ad6
P5,35,81d5a75da881e1aaa022c2405cdbbdf65c61c97f90625c9760b984b786005887
P5,36,3a349d85f8080e2581aea2ee7daf0f31cccb4664b51f5627e5a4a8161ccc4ff9
P5,37,e8da6754d00dbe06d8f3fa182c62419749606000eb8e408123492bc17acb7142
P5,38,a24a25b5a7d4307216cbae66c867f827ce76aacbe370fa30a201f5d6c54d82fe
P5,39,eb29fc8c2615ba6bf2ace928f6875f47f5072e424b7b9c2b85d53ab565f24393
P5,40,1ff320f896c208450086f27f1d8119589b11891016b62b4f6dd5b83225e33468
P5,41,8605e7a5dbf45e41df2e8a1ac5ae8d9ce8596b4e56840ee9d5f7cc8b3998f447
P5,42,3ce86c4ba7c164b8074f282c55ca75b1b9bdd219277e4b052566bab02ad93292
P5,43,dc4d8997d3dbed297121d554396f057118beb6156186fe8a605937d638aa2331
P5,44,ea92ebb470a73293dd11125ab3bc9f9a48790fc29b1733f8114188003d309839
P5,45,876b669cd7383319779690087ab72abb08044e88cd7f34ebd61e6a438b4e8959
P5,46,a038c7928068a7c0b564253786c6190cc3383fa313d0d4af90b779661b507137
P5,47,12d5497c4ccdadd03ca13c1c37c7d1938b4d1d7f8db965835ca1543bcda8bed5
P5,48,00315a0fc87a45f4bdb2ef409b7e69c7b1c6409e1027facf0256596b8e0361f7
P5,49,661cca20458e1c736d17c91c8bbc4760f77ac956363f9eafcf630dd6bdbbba2c
P5,50,056ce04853be23e92539ac2b0b142743cafb847cbf7c53cc317419c3ae26ca63
P5,51,1fc7f47d98a18d5cf3ed9f17e2cbee364d4ea084376185a5b6e380a06858a27e
P5,52,fe443750ebdb8b8624c2e185499e08fcb0d24bfbcd8c3dc0daa274630b0ae8b4
P5,53,c0efaaa31bec0f66d04d7f7f4690b61a6af71fe0247b6f16bbe511eee33e9330
P5,54,14a00251a4427cd555a8433d59576cbec17be5295ccab3ead63cfc728dbdab7c
P5,55,b0486dfb94c639b678c26f6adcfd68f491d8e577731614f895b10f7d84b4e307
P5,56,2ed165274c3386b01feacaa7655d5385120f17a66be74264bb508cf174a1dbf6
P5,57,44a58651b944de5851e484fb5e408a881a3ad878b7ee6f946e18dd410e9ccacd
P5,58,1a6a255e3b478374d42bbd9e503df0d8b032c6fddd9d4c9c181c1965ca516997
P5,59,ac40dc203664000a4c2c3ee83f735237a8f236c56ac14215113cabfbcb20392d
P5,60,59c8d68198de5c5f7257f069f73b25ed14e9a7d2aca554755dc6d99b37329988
P5,61,c89e11ec1817e0e128b00c40093c31794ef82db26fc5121dfa91a1793e05f0e7
P5,62,9e517a3ffcd41ee25cbae6f97738446cf92436e7d22e3018f33d4e2706e7afac
P5,63,548931ec090b5afbd124bb824347592b7c2901b263f0164a08aba982d53fc475
P5,64,e38fb55510006fd1f8f67619d4ec26edf4ed4452f8a32dcae58ea935fdb11047
P5,65,e352f012b8e9f597b27bd2c281a5fef80cd0c1c41129202a85f23546133e9436
P5,66,90bdf17957c0e76b0d2247f0a9531f91524f7bb42da17d6e5fae560027c43bc3
P5,67,d02a4a3e01ea7ef8c18118acbe5ee1f395d809149db944af8809e19eb61faf5e
P5,68,fe47d3b1e3a17026fde6cd9cdf3c2d69fe788678b6f9c1b44ef022a46620ed15
P5,69,fc51e88066a28df75332a889e47aa4d696184dec76e9ffba310b529cce09341d
P5,70,32e8f01ebc39e8adf3c48a00073498045c7404413678401e0c0df94c30f00c41
P5,71,231ea3f43011d16da5b94f41436f2e599d71c1a0b509b894b48e12675308f571
P5,72,d4f097779f0b284ea78d28d603107b389981754712b7fe077bc0162f1bea1ada
P5,73,9ea0911424d67ef8896dc2aa03dd024f76c92991a57d502fb20a5f3b1d13dd3c
P5,74,fd1a12c0903c67f9e16425162ff3b3738bbe923acfb24e40450877f7f8c4ca08
P6,0,8c0e1f75878f64b4402a2263aaa02ef024dbf648f9378c98f141e713112aa2c9
P6,1,650d46e4615b8b97f4d8eede3deb740afac30c28e6a8104390674bc473400f63
P6,2,59a9dee7b5412ab1ef9c3a5efa34310643b30017cb3d5df0de25610a26010061
P6,3,b6716410b1ad90cce554e6009c8eb33575cba39d3dc1a8f37c51e57916d8ba73
P6,4,8fc704fb4a3fee568029eeda9f43131e58598de898d5e664a4380912776a4f4b
P6,5,3fb4d58e15e6adbd070461eb466395795fd320f2129f7014d1e8cb1d124d4992
P6,6,4384250bf84e1827856fd966d5daab3afd2d939afae4c7b7d3a90fca7c124a38
P6,7,03510658bc8dca311570eda2d12ffb81250f0c838c161522aba7def54891a576
P6,8,d0ff429119c7ab696f400123be2a9edeac3f2a6caa30a4fa23f9e776057f75cf
P6,9,cf79d5bb51cd79d90ee83bb41b32fd111a15a6af69d9fc94f8c10d59d92c0d12
P6,10,c6994a943ae52bc60f02532d2aa6034d7df4beba1f972893c815727b9cedb014
P6,11,698dd2bdbee104bc3ae99ef5ad1ef9d7caa2a40c56471ca1813dec3b3f64f4b7
P6,12,ea0a3e1b7605591dc6a57bad27e43aef35fc484a1e7abd2f08a078bef564e109
P6,13,6b92a0e33b4937775e6fac7a71a002714cf9ec3d0b1e567db4f1e76049420483
P6,14,530b092768e2b7109e351f815c46edcaf26e3bcf02ed125159e1d92378202adf
P6,15,e4c1c456c5dce858005d4ed5f8b6f7ed3def1207a41b9034fd9d6a9dccf9c28f
P6,16,724ca83139e90d5100918153b1f3c5eec978a8b7e0863b255e37916c916d0b73
P6,17,4573b4fbb76c9c8f287365b96133cc30ebab8d7265d03c4b8dfc30f39e04039d
P6,18,01b553562b7a7a19f978d24383984dfe66a4842d81d84acba768bc200f3ddf3c
P6,19,215c8591576006076d760373a999c6ef632b543594963188b85f913a68a55838
P6,20,03cd20ca086a32674c7153c33bf0ee150bf8daf56529f002dcb4ea901d4ea9f0
P6,21,00aa7513a1b37f2e2927b87711dba2ea5fe13dcd3d99f7d6bc81665832843820
P6,22,10551dc5bc7aa766246c19af4ae902b3f8175e440b0ef7bd9ad0b01c8879c7fc
P6,23,234914a3f36bf84591a4d5b37561c7e5a4c43cd0403c38f24df3c12604766960
P6,24,52e330d57277fc2485296bc20f1562e3935fdc314a1f30be26425c7b9992a86c
P6,25,79ecf68caa0c20efdf311b2eade09a5d5916f51721b9cb70e213854358ba2509
P6,26,33439341572c8c1f807602b6e2e7d4bf46d9e66ca8c42d73c88eb11b36dafca7
P6,27,190c1012ab9aa85e374755b3aa9147fa8e9565aa78a8ee6d612b188e93f6395a
P6,28,af2862dde5d1f71bda34dfe13cd99534b8c332fbd6c7ab4fd997fdd33c9fc8b9
P6,29,b07070e627108bae7b9f28b25592aba1b1dcea2902c228bd831c7de7f8aab8b0
P6,30,6d78c76ae20b49936f66bfc349fe5f357a81e27a94ddb8d9ffc54917583cc2f2
P6,31,eb889f939142e75c3c1124b4c13e242dda0c0ffe7265df952e7846d9608ef5df
P6,32,4f7467de4538e87c70b2efbf0b75e2825f30f575d350ad0451684b500f46daa6
P6,33,01a016fea2538d4b664bce8e48e400ac7b6853c381a9984cebdc01efc76a49ba
P6,34,3886b9fd88542c4096adac96b7dd97bc7d27b063e4a8d1f4e9569d77279536bf
P6,35,4df9c00fbeaaadaa25e58c69441abff3e41979c49fe67e41720d0220dd0c9f91
P6,36,151663b69d23e90abca4009184e8d71b2b7d3d61f0da809accc0243db3b9d460
P6,37,dff1a7f8d7b15de04d53c005a4aaff9aaaf5266471ba1b3a55c328c262314bf6
P6,38,7996a1f19463aea51b5016821e72efb82dd81a3a297f72f321264b3b4c070dc8
P6,39,2081786edc4a5f7502b9e844b0a9172d7ecdedd14bfa667a88d43cbbb92a3d99
P6,40,1e89b3ba220dcc4f9308bb5c47c17ff6da2e914563d4aec6aa3999f497ec6921
P6,41,eb8953f3d9a066f7513dba0a583e9dc2aa0a152c9e0adb829fdce9bf168be055
P6,42,baf26363df9385374fe67848adc5e11d7871224d0115c81dfb5ef08a0efe29f7
P6,43,5bcb11308ec350d0aebdef6561c46615dd49cd14a0d38a2e9d523c56db58eee7
P6,44,8d59f80d3d0eeb01fec4a04fc1a93e3c5e7345de6ce673fa1a162a6dce9aadf5
P6,45,4ac71f2a22c7fc6e2ed8dac3dfcf671ff79b67a9452ce597ddd36c636aa9bcd1
P6,46,5b783cb4561327eb4d440c177ddb418aec77aeeb30577cd27548b59a09774945
P6,47,c9bddf740f772a6bc885b9a60798c79614f1f853f3f6d582346a26b425a97514
P6,48,f527bc8d4665a60e688d1eb0018e430b449b43d7503298521da2b005b75aad7d
P6,49,f3135388b3204622af61b3b54d5b68a33a79510ec0d1cf4413b341de264e7f01
P6,50,2f6e347fdb0e441ea7508d118be47213e43e060aaad5ff6548a29965c99cf7b3
P6,51,be9f0f06f576718bc7118d7ba6cce7ed8e57299c5cdc99aafc27e6d72b68b83d
P6,52,9871262d91b9d11a56843fc78570692aae7410d3e737b9a705e394837d10bc52
P6,53,d1a9e794d4cc54e479cfab569745d70d79ca7e9044d9cb6af4742916c78fcf7e
P6,54,e38d01b93c3c539abdf370c712850c9780fbe56378ec0fcf531e02ccc8dc48fd
P6,55,5d5f92a1950c86adc2c3578442c994ddc848e4f46bdeaa81af081575ba769194
P6,56,a568262caf161d59872e8624b66ce8dbcf19fdf6e6f28e605fd237cf8b8b8d25
P6,57,9fc792954e9fddeb01e1c55d17f00ae30e845948776e8624f0fe5e55609a444a
P6,58,52ad23b73a7028c419d9cdeaf3502c7e1ae5e63a84d6846d35a07112bd3bcfe2
P6,59,3a2af8275b9415febf9a24ffeee75999841838f0f9f0aea569d3af942530021c
P6,60,4d54053897eeb2f26bcf839c129d17aa5449a8db7d16f43a8dcb9a8871d68d8c
P6,61,3cf086b720548bd1593eb2ebd36aae2be7b0cfa13dd36d094df2f97e2055ba78
P6,62,d90ae0840560e18aaa6a01bc6cc96b972d256ffcade95579735aee1d3cf01d63
P6,63,a95feaf8d5945b758ad3febafa0b64dd4c49980c78c0b91e78a2204e8f229fd5
P6,64,830fc959de1a3f497a40e4c0cf101e8b2d1ea4b910f3ca6ee58aa0b95dbf5c84
P6,65,162334298a6571e87032bbe38ba94080be4b01a2e6c8fc1841cc13e335ef8335
P6,66,d6bf7211982eec44e7bbb4224f21e46e6d48fb42fd03eb7a664a66740f43ad85
P6,67,160d55aabbacc256355cbdc2c48bf4c6b76102245ad313179aad429479d1d3be
P6,68,2dc6fb67d2bd54104b32ccb349118485d60b9317ff15dff35f3318e088c07d42
P6,69,2f18c07476ce74b0322ad9527531da5302ede0c260507e8e80b8c8e85f883cc5
P6,70,a17a177344c3bdd8c0c922f9456fbcf5be565497aba0e3d4db6da96eafcb7a5a
P6,71,65a7db76b67255915878f74600c9099e17e0945f972ba617a2ac86fa6bbea5dc
P6,72,36a8b9ed62abda99f2405dd618acfb42130faa1abacfd8e321a2806a7862e474
P6,73,40de033c7099ba3333006fa9820429f6058657443cbd7b6679509cb3dfb189f5
P6,74,acc9e3697b1d263439b6359b207f6d74cbb221bcfee8a11482fecdec2d6ee055
P7,0,f8e22af9d8b9feec4a04063c0a34663823ac85db38bb66b3d1d6d22daa335b82
P7,1,2ff5418ed8713f5a108144ce031c1b9cf050581bd93eeae5736f64ceb843b9ba
P7,2,c6b1860e07d69dae8a011b3a1bd8db3bcdbe9983a6a12fbee7dbed59e4af1115
P7,3,20db7ec9cb3cc83f209cd0b3b98f79ac00865663c94ec7198ee3fa5248570eaf
P7,4,02db88072dc93e4c60151f4f80621851ff628946084f9a838f15dc54e2165293
P7,5,8b60329cf07bce84e1d8030d1aba0d1733ba2653e03d9c5a188f709054dcf366
P7,6,5cfa32837f14a97092f5fe84d46a73b59f8c5e69123c11ee66bc6227716e3ad2
P7,7,b0146df5d5d2b5da37fbe5fcae93f55c0d64512326ad5b8980c28a7503548c37
P7,8,16a1f97da31de72434598ddb2a9243a024892aecaba1e51efe8456504627a150
P7,9,b5c09b78552508675046ec0a268be23a0480f2f5a38d559ee29ed6fc1ef59133
P7,10,31336dbbe238e749e825a81601f99428110ba1c832a812e0b3e6f77157336a78
P7,11,021cf8df45e1e6b02cd42439072735d52d3efb7c17ce420ba2572d2092241c3a
P7,12,b5b5e297dbda824348e20f8a29761a2939132b1ed75f9f8235997207bad40a7c
P7,13,b20a57260cd7b55a9f0e3826eeef61370d55f343260cb3a7f2478de0cf04c3e4
P7,14,d1d78197c6a3105e40fe46d6eb724d53c18ee117b3dd54bef081d09070a1b0a9
P7,15,ffa3f603825e333527c93e5bd9b0531a5d5f51094bb450a3d4a5bac5ef0c23f1
P7,16,f76d1c25c180c715c82c06601d55f5d414fce019f1d327203c66f113d19adf3f
P7,17,ecacbfdd3978dbcc1c07795756709bff33a27cfd83ab0cdb48507cd5c872c968
P7,18,7ddd4aa9378f4508cacb51664acd1a20f36de1c3b96fb304b47dd4044605b934
P7,19,960e13c24889056bd641b60bd00dcd22ecfbb7a28669d281b419f0f26b18a2f4
P7,20,f32ea0b8aa8b8b1b77155718eb3ec3615fc79000c964e7e4b4519fe4b8e7b3d9
P7,21,4ded3da68224a2d79760bf269f76e7b52a75f9dc916fed6aba1327d645004706
P7,22,44c0feefa976b590d8e40ec9682268dcc9dd9e9d1421726d0f002d9b79be930d
P7,23,ef5620a905eb96bce716d421938cdbe966f0af819d50e1c1272bc266c44973b2
P7,24,60fa6a9ed0e6b579bdf304d07444e04a8229cf78a31ae0f9a61e85f514542b7c
P7,25,2f4b4f65b7986217acfb851710ca5fad41c620c89e3b6ba6426d3d49920955a7
P7,26,8c250ac96f4fd09ff4c6e0942b4a5af71d9ec65f41a5dd26cf7aefa29a507a28
P7,27,c3ebf6f71fe775787edf5436212c3dae3d2d1bbb152835fb733131e06b32e2bc
P7,28,69746a4f04586f9be691441ebd455edf03f9240fdde5c5ad46e71e91bde7b28d
P7,29,3f1f8f7f75997f9b2669b123280d9fa9ec23f3569ac08fcb95b607ad3b3bb686
P7,30,f87efa504e51eaee32a801850eb5652da97aa7296a0a1b27d146fff990f69853
P7,31,917b6679fda12cb710c66782ca0ecd56c983041d92b439c3e2a1b91710b6dd6a
P7,32,1976f21ebb985eb4d47020de9ca9a1dd3327b5a14b3eefd4a7eab4364fcecf55
P7,33,a791c6236e983529824d9e9496622f50fcad0727516e8acf16906392fbee9c71
P7,34,bc7d6ce0ea6bbed0aad2f6b24bb011b9df08b2d6d72b7343cb0aa2e6d9143374
P7,35,b13cd94b4483fb36cafbb7894b5e3041021a7aa530b229883e4c29796846d26b
P7,36,b9bc10ad2c051cbaa9d1e4c104336ce0700035fbbba748d42ef253b8913ec24e
P7,37,7294460aabb2ecd2ba411a55d7ac06996d2fac9db0bd4850af997d06aacca145
P7,38,0ea4325f8227b02072539c5ebbfa84329b3ba4fea54bc39abf6920a793bfbf61
P7,39,ea7bda598603fc97eb6568c866199792b81b7326d6dad8ce55e22027054fc8b4
P7,40,9fec49439cd1c9af6c597c2a99d72ee4cf8d5f6c6432474212427005b2f073e1
P7,41,ab56bf7dd0d9556b80b70edbacf6b0d2b2a257abad453c9d6751bb959dcd557d
P7,42,640ab2d4ee4d3ac65d0833f6cec87b924df6d7dbd56674965b7f15fd6d3bf6ba
P7,43,c1d244eddfc7aa68dc0db42368c8b0dbc679ca90a0a27e5d8b3ab087e61f05b2
P7,44,b6be10c87b2eb3fb4adfb52e9381d1a710424789d2da9dc37363a9ffee8d308d
P7,45,16fdc6de1948bec602e891e6e954dea77ed8f01ea16505347b6fb991cb32942d
P7,46,41e4dca76f7f4a5d61c92cc89315457cddd1ac2ce7622d84890ae9b9c02f6a34
P7,47,6fdee706992dcbeb9c5b0d378ff8a9cb20f4ecb8d96c64f18c7244018423cecc
P7,48,0007bfa820a38f5bf648517475451db8130e4142d1b2d3d8cd0d0507e77ce5b4
P7,49,a156b3cdefd41ea0150ec8fef8b5eb6ea828433bfe5bf0781a0d1c82c41f2241
P7,50,92774bb8e2d0fd69c7422470cd31da4e597ccea833ac3f03f25ff25efeaf24c2
P7,51,49a046c8f871980c027ff5cee98d18bb458dda7f48385cf76a69f1e5bdf890e9
P7,52,272b1531f170b0901f6abdf7dccc4d7a2eec925ae09454dd6d0fd714237e7570
P7,53,4c9d2bddff899959a66801eb9d005587279105469b98c50396b6bc7c1d62103f
P7,54,4d47073049255e3448304201e935fab87517ec07e358fe10440cbd77de2ee696
P7,55,4777777b227206d9e8dcfc06c7b38c5f0b8c19fe1965f846eac056bc91e1df4e
P7,56,c3b707d79f7d4405454e868b432e17589fb6a5f8fdd5276bc9d9639b628517e5
P7,57,01611580124de3b980d49b721896eb5dcee9cf43cf8c7a8d5bdee653f0383c2a
P7,58,ceba7a59e64e3b0bb7928aeca1106726ad4ceb3a0b490e1623a787f46fc8bfbf
P7,59,e5901c4fa6160b6e21576852c4c28843ffa0558cff9a342c17277b07ee2c09d2
P7,60,c5fb61e40acda5538b3eb2d67ca45019fd14d1c83da6a09dd1be18d59df1c378
P7,61,ca1b7a95021f6f6ca2a279397d2ed5e41e1d61ac2a1eac368a0fda691aeb4497
P7,62,27bcb3b107c70b2d04154a0d5a92e98fe23f75f5b8456b6ff94c48d7b33c8192
P7,63,05290624431bb96815b222897701f7439a64797ee55443846f94ff697bf09162
P7,64,a9d6e2b2fe715cec8954d0553448f2cd72d287cd4263d799a96ce3d338de9cca
P7,65,c8e5fe6598e12cc38dacce730b23231a4c03c531993cf09e2d3c37703f0c7e1d
P7,66,3c4abe59154d39df89dd444bc821fcd5b31e06b391fd0c6a9aefd2694765e20f
P7,67,4b6a3f1272e3a5588cdf1f13e008eaad9dab13eecc309b52613ba0b1b70f2319
P7,68,63f188e147c1efed9933b8f3244569a4ef859f29bbe3d7900f082e180b441d7a
P7,69,454982570afc887cc96070d114981827cf1d5a2e7112346493f39a3d54ec195f
P7,70,fb9d1786cbef47113c7997005dfc3d230703f80dc573f4ea1f88638abfd9452a
P7,71,a5b3c80785284c187e34bb035522761303fe59373bbb07001bda10d75ab2c019
P7,72,f4625c373545fbfae2f3cd79c6378b4ca1e0cc1b4eee8b02e71dbd96a5c39253
P7,73,0191373b1bb698f614ca5208249ca2c0efe479a4b6ff72f8d7c15c281ce6cca9
P7,74,db409d317ca470e80478eb3dc7ec0e431f8051ea260c6249b74ca3b77bac19d9
P8,0,81caf519212766f0e548bc37ee55ec57bbc4276cf6bf3eda6da6e3ee43296a84
P8,1,e29b1f4f61aec4e010e326a520da3bb84eca94513056de8b6495ab18111cc97c
P8,2,55b377af44dfcf50577bea159df713ce693c2837c0253a4366961975cae27703
P8,3,e944fe74b277662cd01e5eb56eb3d31bab9ed2de18793dc964a321982e446461
P8,4,bd14c30d96481a147bca776244d9d63f54db462647f2071c876ba7c8572efa08
P8,5,d8126c9240e595d0184e0139eee65a4f6671521bef5ef0fbf56c5ab931c9e0cd
P8,6,9ea4cf68e35a83feaa87b7fab3d9083cf273c602fcf6a2b8dab24f112f97fe85
P8,7,d95f810c6cd5ec555eecf302df0edbaf5cefe5a1bec2b35a4efb1230596daeaa
P8,8,5ee13799835422cd8703d9cda55242b5f21793b6877f62f1044e2c6be9181106
P8,9,9f7b744d85d5e232887ebc22b2a775bdb46cb19bdc068bf29efaaa11c761586a
P8,10,ba616b22921159ebd968dccd1d332a970595cb94ea706c1d22e7e1b9cdd90abd
P8,11,74e46496e8980c5f3ca0ad64d3db9ab9f04ed59278441753f617d061da554575
P8,12,879d6e5558260a106001f2937cdee1dffa36ead6faf326dcd16874a41b4295e8
P8,13,1180227b36927a01a2ac68615267212aa69ea235c23f496b9431bdbbcc236826
P8,14,4ab0c2480abed023c42e9e634f06e12d819ec3978760472e258bb6d5ba705235
P8,15,c818d8081b37713cc2583cf65be63059f31e7274db71d9e557410208b61f653c
P8,16,ef76ccfc2f7d8ceb75f948f89b66633beac9f2924d9d6962c5eb172d72fe04e9
P8,17,630006df68b8177e813e852831ac84a57adc667889ed8d3f39a5a2e0c689cf37
P8,18,a09fa9e2d13034291b31422848acc02fe15aafbba451c19098db539a741eb821
P8,19,00276b3c2563dadccaf6ef92da208faa6f08f492370bff32ec7bc46f7ae1f724
P8,20,81403ba69950190c2ea695968ffe64c65db2455c7ce777fb01b9f7c521625145
P8,21,2200a2e752718f1a025be73c2aa921606b2f401b0e74af17112f6f71e0770eaf
P8,22,300a57bd00e82a51d59a7728b0951648e8365f1a6bf1d57f265951c7b70af3c6
P8,23,91b5821c476264ded5b58edb30f7fc0e1f3c2a63c96a1719eaec7f44bbe13cd0
P8,24,906f69a170b15407a16fcf85bf72896c933c1d754910e73f47c9f0d455c591af
P8,25,6b93e56c27684f0f354ab3b5efd8e1cc965e3d2afdf061f2eee505e90c8007ce
P8,26,7d2cecd518f27a86208eb1350d5bf2ec0c98f1805eb54fcbff0c813a3945bb7c
P8,27,17d526cbae5512f09f599a02932eed255a16bf128291aa2e2e9088c066887cf9
P8,28,8f1c2cec1e7d05b11a18961238d78b944d40bdc8e0f98c27812b61149eee41a6
P8,29,00c4ef7262f8959b7bc269f467580b1ce279a9e4196c8ceed675c41eef718bac
P8,30,689a37b3abb91f7d69fd4193a2e932caf52137224bacde80a43473653d4aaa3a
P8,31,11db4c05af73acaf7c37fa2a63d5e97b58ddd7da9728bd56f2741d7d042e0312
P8,32,227bdf1fd4d6fa6327522887849aff8f82c8427bf3246a6db4dd307d92a34d2e
P8,33,e0c9d9fa96673b275705c89674fbd559c555d38385ab4babb8736bc415b2a4da
P8,34,2001c1f3d410a83b9ffb4b1f145316e34139579850f84a6c69977a4fe01dfd30
P8,35,257323c22cc6bf92ee8a7536d18120c547de85ec0ebe766403e59057147754b3
P8,36,e547e06eaaea4ec0ebb3cbb20e55a4503e8bb8e36bea2bf96c925403c38c173e
P8,37,4b8913f366aaa392206d56ce0249fca56d7bf57b8dcd59ffb9fe37fd050930f0
P8,38,39e51c82d5673088eecaaaad1422dc5aeb651c8cc2246c21f835ba7ef59b6855
P8,39,f42efcb2095f1f098ec3a2913468a5ed66c6f13ae0a68c36abe2f94dd16f8b17
P8,40,dae9d2d958ae1081fd3639a9e16dd44781bd2519df42c786f84231d037b38726
P8,41,c13fc762a6aebb0b1584fb96c6226a77c4690e8f17b4070df87150a2e2fcaada
P8,42,50989a98c93db03916089f23a0bc0eb4da1cffef0f59b556111a295ea5e9ac35
P8,43,d437ba176641336859cd0277dd2905d13ca5c8cded41194ec09c04ef7691a643
P8,44,ec38363f32b0c7827747ec67b5984933eaa5ad40f2141357d32fcb8015af137b
P8,45,73e0e16c199424434b9cdac4e39237b35efed1a0097d545c22d520ffacb3ecb3
P8,46,acdf80c6b8941fe1eba129449ad5e667852da07b7d49890fbdd411b466a97406
P8,47,34e759c18af619507dfa4d670148cb1331087ca335bdb5bbe2ae8777f1604cc0
P8,48,673040585f8d9c4eb764029cc70efcf6f6c4122dc22abff20d8a2db1c51b1aa9
P8,49,2caf8760dce4a3d3efe803f88f4b7f810f52a5e719b4a735ac43c07ae241338c
P8,50,a0271acddd839894530662057332f728ab67acdcb12aaf4fcb12261d6ea45a29
P8,51,b558807be61a198a4f44030cf406cf9243a31f8e93899cd7fd8c0aefd6700a2b
P8,52,e5ffd252f5ce7b36635a496b74958d9d12dcd9ca350bf752a544f8d7d006f417
P8,53,bdbb434a932195623f934feab306c5eead1a58eab3c50329295a36101c7739ae
P8,54,a56167206e982a38d86fb2a745328af624d1d9e94fe7fd96c655ac3ead59b5bc
P8,55,a179265dbc7645b7324b0c5a380f6c31744394ec1e2c7f5aa0eac7d036a562e3
P8,56,97663c3f6822bd635cd0e2f31ddb728d08f065e672bc904790fb19e948fe5a43
P8,57,530a4261d2d2cb026f5ff722e709dfb7bc04288a1f43cb07ad4db37a5c9e1b00
P8,58,4ad534a473a37fb6dc9a1e10f31a6b30c1ad0f239f3dd07c0b4f08d140bfa486
P8,59,cfda21a718f843992ac7e7372d6d92a6a35dec326f33643ed9702cf391a053cc
P8,60,9edf1c34437f686ba20956b0d2426fbf1fa7145f294ab7a5c6e25849352ff4e8
P8,61,6a95f7cd2ef29652075d0f312c18dd9108b81482d1e4157efc12184946c9a420
P8,62,45c07bad4ea62dcbbfcbb9e534aa50f2d7ea7ec99ee156e21f621b1157fa3428
P8,63,295ff5ddf94f64356c7c2b7cceea17bc5b15d1412951434ae31f97928cf8cc3c
P8,64,4d23871a2926efebcf2371e6d9841da6080bc99e219f2c743f69d0a7baddc55c
P8,65,22219b624a2d1eb431f1c111089193103736d7ef3a188dedca19532dd7070bf6
P8,66,5bc1fb8b543f9a60d27ca9b54ecae032002360648d33bde02cfe5a63d3999c6a
P8,67,9f8ab1a0476427fa4ba0612ab413d196e20428a24bcf498cb632324ec4ec507b
P8,68,cf9d7aad8c1735f5591e380be131ca8a4e2763a4c04190e85a70bc79fe15fe52
P8,69,4fd6eb3a9272ecc6e50246e70737594432e1dab02ea15f51e3c74775c6905e58
P8,70,d4d00a2e39964f9e487ed343ce464a729105b1af32629313d0355ce70d873348
P8,71,cbe72350921bd21a6285f4d9d319c0bacbc66f94775a396ed8f9966f7c585ca6
P8,72,8f0a5d5407741e5b69f616c754f34e7fa333039e4aac93c6a639137d5846ddf4
P8,73,0152b4839c3688a32233f5dc741b9991c75d9f6fafcbf778a0c6668258db6688
P8,74,6633b3528c9b3a5ec2cd075997f56ed61973615326fa428d14197e55ad90c46f
P9,0,f7752250cae3c6205d6722addc60ad06b94b3e57037ef980d3f0aa35767360c7
P9,1,bb9cd46d8ab19d0fd091d4f702feefd0c6e402293c79134d31379256c4766225
P9,2,1538dabb8f5680bfccc769479d9de8fc484e0c8038b8ec1d8c30abbd4051653f
P9,3,3a3f13525a31562862e9b617032852f1aa5c3d023d4c0d2114c3c6a70ed65cee
P9,4,f548f6b1b0196dfa4b9d2f704c31768a7aa59e3d05c042a2ceb961ab94e6478b
P9,5,5ca93215f23cc0d10d5b9f3096e3917a4cbb6790cb71cb37cd34315630841357
P9,6,9a5d22113981e587987e29b08ab5e9bd635d291a58ea8be54dd48a048872a5c0
P9,7,fcbe3de1b04d392b6787a483a052f5b92f1651aa71ed0513d74666be96320ded
P9,8,389eb7ee57b3e26b45fd29e0cd86211191749735e8ca43f1be235f3245bf7a58
P9,9,aa91870a503c0c59e08725dd405c8059f0fce76dcc96107b56267a77c191f6d5
P9,10,b9b64c68af11314975d4426d2ae1e2d20f2b93d37977d563063ce7a36ed2128b
P9,11,9df98dedd998c1c9d78663473f04b48ce2bb759286a480c5b8dbf2a9f0a83d4e
P9,12,bc81bd1ec62f2ec4f6bd99ccf4b400b95e88eda6483ac96140aa870dd1633d2d
P9,13,e8c5d5736b2681cbd17183c44203826862fb58781775a4fe6b4538f65bf2ded6
P9,14,5dbf95ccfdf9a62a3f7e682f10e0c7cf5c50b018e791033a5badad5b822815dd
P9,15,e550670ba851113f67c4b3ca391949adbeac487178bd14f77301c9d9267e32a7
P9,16,fe25f5a348d31f69bc0d3b58067f671bb3e43e7ad762557df6972726dccecdac
P9,17,41dfecf5bb69e7cf959134fc7c9f5c204ec6b17efcdf7bc02fc38fe54482f6d7
P9,18,00f45ae78bb3bf26e785efbcb814ae29ef30dfc8a957e118324da78145478b3b
P9,19,d6d5e5f4e224124015def8a03ccd2a955f47ef2bf4983a6010266782fc5a655b
P9,20,e137d2081521684a462ca68307d8364d6c8c599710cec51eb4af085d8c01d123
P9,21,befff21cef371d5581a71fe79782425ac657a1ec9acbcaac04c7dccc67132df6
P9,22,972be07a00221a47970bdd57e02128c79692e425258f26ab999a49d1fcd9459f
P9,23,f4353176d8dfdc38561583bd9418eda07e889d4bb4915a546e4e7e4e3ab6aa2c
P9,24,105ae4d746e5a7fa3ca93b965b22aff23044eced6dc8dad07d331e363a835fe3
P9,25,9a78e14914041f0e073337eafe50e4a5f9d4765349e1cdc649624c1cfa0c01c7
P9,26,eb3d7400edf5cab18199ba07d9bbb51369c83149a4cee5b20712a470915090a5
P9,27,3d808e98909cb03e554dad22471134848ebb0b0abe408e9003cf0ebf08bdc688
P9,28,0e89991ad7271dec4d7421595f4c49084dc4b3fd62ed04ba3c0ea548a78d44c3
P9,29,7b62a377034022479e5fc5d62e613227f99ff7d61505ad1ec541e9d543f67149
P9,30,3e1ff4d3cd739bc09afb663ccbb008879daaf0abab90e792043217f50d92cdd5
P9,31,36aa8a02e4df0d83fa4497e2d046c71aa185ff3b531cc82f1d3c4ad47b3515ec
P9,32,26f62ea51055aba67109ba3d9ac1a267ca725eeb6aefb226d8e3950f7c960f27
P9,33,872311b88e12fde14b1f73bc991ef1914a446f2b03f1b237d3d381e4865a1bbe
P9,34,eaeeb349b9d62fe76ec9b28cbfbcd832a0f47c512be82ec21f1da39a02b8a065
P9,35,9f70a96f8e9ebe82cbb987446a79fdb264b0a4985e4a7c86877164aa53b03604
P9,36,93d12d45bbb08c8d5d59ea1820bba339881215cf095773aec2729fd83ba4939f
P9,37,4531d39a4c702db9356755861ebd6769a146059f0034f30afcdcb3cce3fe61c1
P9,38,2b01eade2ae212ac11d1ec20f95adffa62ac9d60441d8070736b2279baa200e7
P9,39,4b871ddee749e3a10020bec2793d367152cb593c25484be6000db32e36203b3b
P9,40,4435478c62ac80c4fe02261a424f56565c5dedfaa81dc0b3c4532713412fb291
P9,41,fccb8889459322b4b457c4b0d327666698708c76e1e3095184134fa986f74fa3
P9,42,89f780eda07cf6b4e422c8354e59ab1513e8c28485c000ab4e43715d05898b33
P9,43,b30053a70ddba8a86a11d5754de87fb17b127b742a20116ab1823a453f8b6840
P9,44,36feb74f69b77454dc96c0afbf75d5aa314cf4ec6e2670e3fe94d85c6d8ee888
P9,45,ef90320d3a8608778018b8f3f6ba56aa2591318e4f824997ae8fd74b8165bb42
P9,46,c0770fbe810237dfa6453afd50a20321f828c34019b13589978a4b730841edb1
P9,47,c2932c34299c635fada5f7b3a3df03cfe18dd47cd24f00ae41e81abd5820eeed
P9,48,e173b381042ae819ab6d048483f5e8f2ea957730b400e4bc200c94b2715a2ef6
P9,49,0bfdb9a06746b3c8635d6d3d85815b4ec53b4c945dbadb96924fff30c961bd0e
P9,50,e8dde37aa9b373744c8c41c3e4ba50a992e989a0051b5dd1567ffff93b1e4543
P9,51,1d79703d796ba88870e98c716248cab8266461fd64140e3f577ac4f4b86b58a7
P9,52,1adfcd0ea2310d9979a0d72f186d4e372996ed22f4cfec795bb34b080c80d343
P9,53,00e4252c21056107b23502fe72113bf5da76c4b14eb1e83f91594b7e74c63809
P9,54,25c3e70a41c3d3aae8c41eea815fb3bd014c87d189e7c15cd7a97768003f2c6c
P9,55,2aa2ec3a5f6bfd8661893f8cb52a2da7024a3fdbdd8975545d4fbe2d54452626
P9,56,239ff503fc82bd26c4f8572dfb4e9265f1b079ee53b2dbeafcfa678eab34b418
P9,57,71015a79b048dd4b81372f63333ccea91fcbd68028044d4ce02043cf4098ed25
P9,58,aa180ff22b5fb21c3362b1ba6a837b1afd752642638690895c14529594a04607
P9,59,4cc8cc50d49ba02efe20ba2bb0c5977b4fb19094a91baa647443f790aad1032d
P9,60,e36131fca1e581388b0b298a95ac82b6e1e53b24c8b243533a856462e2b84f12
P9,61,f207c9c4a4ff16ca1913edde7578938d81bbf221452f6025e25fc8c421b939da
P9,62,81e751f659dc0d8177087d4a80096ccf3b81f49c30ddb068be18c543a387227d
P9,63,8530f827fd9cb93bd6a527423480f6cd64d15979905d684695baff3c9fb254d2
P9,64,3623fdaf945157ccdb4f6577c3f03be0e629b8601cfc40cbd3defd0344cbe762
P9,65,660de34b531c874d8be909c218b637021632bf1cf8819c251d95562ad3581403
P9,66,0a7e25a8ba9be8038b18fcc6d566f3e6ea22a13688861aa62920db646647fd9d
P9,67,e302fa62c370a46890700633f220fe3f4fb53f15122710f0d81a64806bfacd65
P9,68,229faee9b66f09ea262f65741431c91b145aa0ee09a8932b3fc5a7f9f00714b1
P9,69,f713880524765bffd39b26ddeb1a02982af21fdb4b5e347276d1918ea1c1356d
P9,70,e471343dceb4c440424f84bef5518401a2bcdde83adca8c9e40fabb381e772c2
P9,71,1819de38fe7e07d77ebd537e4908842a36e75dffdb175ed3c5128f795cdffca3
P9,72,d9808e584f2524e470f6856a17f73bff9dc9d37d2f134fceae23276e899d6de9
P9,73,5a3ae26c974fd22ea5cc978aee7be82c39b4c97ecdb82c3369afc31272d9b302
P9,74,afdda688e15241243c884a9b7f48a667e609fafcd8aeadbeb7ca3b1e7cbc1332
P10,0,8d13f93baf2bcc994bd666f14a7eca3c54d1e43d71ddefe4d12f5a958b40dd92
P10,1,9e76b84979b1e77657f984b8cb5365631a454817b221cce77c4a9030d9507d57
P10,2,33df23aea1ac1d7ac1103e063f03e68f2057b32aee8a85ea9b43d306b11018e3
P10,3,f108c88809e2264c8e20fe898e191fe15ee4c748eecdd38922a48f6af0d28ff8
P10,4,da4e00c542c21db2823e32373e9e50d497dba751a04af1a8d8702085930fa468
P10,5,b80cd7fa29435549e22e3fede96895a166f7a0a3a811b8310f98ee04fa516c1d
P10,6,6bec4e0c996632635e7502a5ab549a62dc5b7184f4e49f417a78f070e5bd10f4
P10,7,8015c95e43071136d485e152c6ddf08b52f7ed8dbd4351cd07d1861e6abf377d
P10,8,17f992404d47aaccdc9380c9f63bbdf9495590dd249814220a88fbf71638568c
P10,9,db79af4d7c53c6a5604d79006ca1d00c61fab0e06d47998b0bda7a05858f8177
P10,10,c0a59df409b5bb2ed83741858fce6ddfd2037e10b3d798a003841e26d423b669
P10,11,cf3d1f2fe85b4b3a7f00b103899e7885970085e0c9b51f6c153991678c7abeaa
P10,12,3760723e8bb17d65b2e26e24a7d561f05604e8b80d96266910969e8c5673e91a
P10,13,0e1ffdfe82a39f0ebf3326536ee2a6599a72e39dc60d8ce2c6a11a042878e0aa
P10,14,6b56548ede3376bbd4e0b12c6bc493b91aab03fec1cd006aec929c92729c871c
P10,15,25057563fa9de0e4e65f24bf77e6e7845f7d3b1810cee3571e6c1a5c078d5e98
P10,16,f89d75f83e2a5ce9dd93cb170e42c441cf3f5b5e2e7a24d376c46ec2adb9562c
P10,17,533e1e0584eb88b4968bcad769a0c876586c3a11f8abd76b55c95edef6d1f119
P10,18,ac26f577b55b2e12f4579b225673f8f23c3707afb941db23b350ac17e8352a72
P10,19,12c13063c0588ba4c19ea252ac034e9564eadc1d07189e99fccf48612b810c71
P10,20,7e82ac7335137cc26b2c37c7c857e5990b306ad2c13e482ad950ba6fb8cdccfe
P10,21,bdf8ac81d7e8fe1808489d526b5c03764289af2eb94ec20a95ac6148c3de7f2d
P10,22,e733c7914929b21ea1d00e3b41c832d048b222c3cf107ec1ad01ce15b18ea291
P10,23,ce987a723c1dade944ebe5872f3db62ef8e80f780ae8a073f0dc360bd19e9aa6
P10,24,da920af5990016f81f11a9472b436e2402fe3bfdc036964f343ec76bc66899ab
P10,25,0220e4705ebb11c45e402d08309e570e303f5f3caa8a4db9145a4ed9450f2239
P10,26,bd4aa2264f7d6f8572f21b6342a17c22612fcba4c618a46578c649580086fee6
P10,27,228581a02030f255f12a560d4d437bcc83b6b6dcc6358ec3d3fe03db2610e1f6
P10,28,5001cac549db742f809afbc9395801cf0f9f992c23921562ae67b2d64b1fe425
P10,29,f1b7978d2896b26a03d221cba36dfcdbd386ffabd1d2e45a95ff2628a35988bc
P10,30,e58f0bd4d2375824212e1b87650eed1ddabb3a9d01c236caacf0cb32e1522e18
P10,31,fd99cf63e7df04cd4a28cc3b1d277a6f4c8a8eb15ab9c8ee0cfff7b1853f5615
P10,32,92f3fb89a4057f774bcd7b386bdf81b89b24ebae0d7b4d6512082aa9da541836
P10,33,1db5057003853c96a9b77c5465c6812ee9bfd6c08612b1b6cee21166c2bf89ac
P10,34,964a6c2fb9b71949974cec7049266fd9fef5badd9820ac21fc5891b1dcc7fc91
P10,35,5726a2366ddf6a43379a591be91a132cde1ec57460d04220354ece029cd34945
P10,36,abceb67a9fa5a7325e10b7e411c4b711283ce3bc48a9ae8c408a6711e714e28a
P10,37,15d95d7dcbee0a9bb6cbd08bc4e805fe7495f32bd9e9b53798e239bd146e5ac3
P10,38,a61d16f22b54f01af06dab4d805564ab69d8c227fca8cf9d64e5e05c4fd4ed1f
P10,39,52aa366e12ed8b0f50783fd98acc7d5e7977900be7194edfaaafb5e599399b22
P10,40,163e07881e9c7b49f1ca2eeb6bbf69701e441e2070185c731a6938370d11eb73
P10,41,7486dd97d611364c40ef997c207ae61af5371c48e2a9c1ca479d6282282def06
P10,42,f34771e5dbac2050a849960e5cf9f0c441f7a3fcf5b273792aebe5048fba59a4
P10,43,8fd16e45f9bc0c41fde52f426b095f6a6433597507111f4eb3d35d19b3225819
P10,44,78ba870b9deb579d6b2bc9ab292d7a58ee93acd8932b0610968f788da028e1e1
P10,45,0328499389281b0b096c236d7e3a07dffdacb6ade0a12bbf2357d92add23a2b8
P10,46,0355397a1ab995cc4fd45dce011e573ca92c141ecf8530e6b9ce6eb4d9ee10ae
P10,47,cdf55c3271fdaa84b0685c9eff3f1334e014a096a020d0ab581dd309df1687df
P10,48,c4dd6256ef8626d9bb09b6505d54b48f410b400f14ba5c1a488bd1513b34a6a3
P10,49,b0b9bb89067430df43b1eb964f734c42cf16b55a1c2958579af108fdc6e38d0c
P10,50,de6a567fc0562a59dd9cdaa05dc9ea7094eada11116a34f5560a5f6efea67931
P10,51,6d8938a58babf8f536ad21390aef67527705c2ae79614bf7b87cc810624fc922
P10,52,23ae4647e2d4e861565f4de3c2fb8ab2a1e68fef963e9b705a6dc9302a2ee80e
P10,53,088a521ab486ceb94fc943a454cd7a0d967a5b7c4867237d51473357348b53ba
P10,54,8511405ecdbda6c1fb1f2021ed4eeb9719a1213a9f9f748a70046b9baec45b52
P10,55,7ec3d16371cf08f3fc59edd312f33391b8fa5ebea2c7d3893e650e30b41863a7
P10,56,eaf01efc619343bff9f8b95be25d0289bcfa0984638e2f14a435df71e0d1f46a
P10,57,4bda63ff906b668605c72fc7c89cad4bfe0e2dfad10216865456f1b915c6f11c
P10,58,f635c56bafbfc48a1d541f0dc28522f0e316fb2151544d9e6d5695533517d19e
P10,59,ccfac1284ae6836c6498cb056a6f8df14a440759042c3d3189898d3689316c2a
P10,60,744099949cf55a14db92d44b2f988d3069776f6b7f33b0c50dad7b148050ddac
P10,61,35013b319a7865ecdb8639f826176a208c932dfdac31831ce2ab88124eb7fadf
P10,62,c64381d0ecce88f94c3b807b363ad236e73c56b818acf3d44c178751016477e5
P10,63,6e44a60b1809584661c432867de64fb7fba9a88b734cc36bddba5e4d36615ef8
P10,64,1ce5bf3b5b071354b74158d11fc1dd9db739716f5d8d3335ac8598d0d3913c22
P10,65,9947b84998bc54ca3512ef5befde07e083960b99a0785837de54bea66a33b7b1
P10,66,74a3e778df0cc80a97f80f35e65935ff509d9e36fa7e4fe88d731ad58e3cbff2
P10,67,9dc5ee0a0460644e10c81c40b0095702ee33c88e79aea54c20ea7b05fc00a06c
P10,68,85412bce5bbd30653af4bca263b78ce7b2ec58fde4c2177707646d4b843fc501
P10,69,d17bb61021a44ab90a2f77fd19caf924eab2bd44ce6ac5a79f2ce7fd18aecd52
P10,70,f0de699cac249ad352573df777603aa2d8bbfbf1d370113ff077239e6af16a6a
P10,71,86da6350c8b6c557eaba4ef7441d5a4eb105c58e52473314addfda0e48635af9
P10,72,9daec27fd254ffc4534ff58d01f8a605695423781ca8b4f304275a92a788fce9
P10,73,d7bdd3e9b226f96e546ec42194de87b8472d50983517ba825927337e17938f7a
P10,74,2389b4f5c01d787d1f935f48aac0e534785ca999cc4e2a837c759d06b3a136ea
P11,0,3a9ea4ab7ac9d1673683e02823381fa419a4f3c5d3f01cdd741730754274c33b
P11,1,756b50fab82a10b4ea26e39695c4b08d2bac357b5fb52493679b4d23ed29a19f
P11,2,e5c88804ec4323bc02fd4e9fc3989959bb17c87f3c22a08bca85679c1e0cf452
P11,3,ea5bffd0e0fe4e59b931cd43e62f2936ad71f639b470be1d45a91f28bdbdb037
P11,4,903506df3172507bdb0a7eb2f1467655a61ac01ab7b38e0eb3da3e23fd27723a
P11,5,29ea9b9b3ecb6d7b91ed1f9dadc2258274552f6138029c2117b75ef91730c5e4
P11,6,2aa2ec33dd666ceba568b51e3c92b689275e8fca6099abf584e2bd0d6c255c97
P11,7,28d8897e647c72f52708f73057e1e52d9c779f691b823888c161cec4833a0902
P11,8,2a714ff30d2668cd46d1fcc5d1c633f46354356b0947f7b4fe7dd3733a34ca5f
P11,9,6e61eb0ecca57c4c1fc6f1a73ac87208a0b866f4a4b1f4634756779ed03c0692
P11,10,e71c83bbd1396b4e2d644d7c5ba56737c04d6f7b0b3810bb4634f137f32bdd9e
P11,11,21bca7a78530de696202ea02a27366fab506f5cb5a06ec3860f753331e6c35e0
P11,12,f19ca61a43338be3fa7e96639da2b5cf9b81dda1105ead2092439d16bf59bd72
P11,13,26e09dea4e8e87443adcc4c8888535cc1b97c183b147846f809be66e5e2de70b
P11,14,d04dd252f5db708d29e0019294dadb0999061acbc43d0c112e208f03b1cbdbcc
P11,15,0cd6e92912f33f3fa70f12d97897dcb38c2f92eb883ea06fce95b60c4aff7c4c
P11,16,abb7edb083f943d3f246a0e31043179f7be77e02a2baa7c09e50f559639345f4
P11,17,0785c874824c18a51046cbcb3b339746074b90cbab81b79bb68e7f5185e77a6d
P11,18,8caa0c1dee6bce9c22cb06a578e3f2c4ecca02d0b0098aae879971c75d2c1a32
P11,19,a5488945e88e3544a90ab80eed3b535a323fd6f22f15a050406d14be7d012186
P11,20,316f42fc5c979e1313d63d6823aa722e47db94776433c16801a4ba7f24d8fa29
P11,21,480fe0457baffde451d377a352f83f617fadc528eb8417027a2740ab7332adc7
P11,22,474d73134a8099a9898098e7a5915511cab5f4c2b6c10c0792fdff461027c168
P11,23,d6b5e69069fb86aea1a4a20c6a970d3f93ee9730e75492804216dc0b90f2fd76
P11,24,e45c4128de88ece891570297969ef528284244382756d0899d7c5c7feb53a9f4
P11,25,18dbba710fda8939a42cdadeafd5e6ee53623c2f1bda658edb908d5a85ca1619
P11,26,32f72e4143a7af6ece66be28155cd64f37733602231eddafee67136c05b69b0a
P11,27,200d38742bf273637e80b52b961b8ba36c44f11a22460d1058a9bda9ea49f6c9
P11,28,ff56fd3f127e76938a568444b5fedbe0aec5999f2756c9aab4ac225d5c3a0bde
P11,29,eee47664cfd688d5b67e7cd1f956aec6355237716d6b4c195fd4326f3329e66c
P11,30,ef3a1e0e88354857c46e10e6a92cc1347405c1e8a38e18b341dec303cf24ca0d
P11,31,abbfe4aa0263d224068bfcdbe0296b50002889fc8fc10647f8468832194cd511
P11,32,9b04b96e63e240d4a05424708347cfedd75742173bac03ac893f5939add80fdd
P11,33,8e8c81b79c7fc675f0aab79a8f16c273449d8c29e7ba9a89e6ce3176718d400d
P11,34,25f2d778c494f032c57aca7f8f7c5718790251c605968174a1a8993c8e4c7952
P11,35,f71bb5be611fb210b80517a3ec1e74e3ded1268d19d1e49753e28801d510c330
P11,36,e91a430df20db85b76aec1550ff9408b7344ddc80481c0190dcdc1ee6fe0d0e5
P11,37,891c431ce477dd1719a60e0a1fe58bf41f17d36f4bacdbbd4e5b134e5a023094
P11,38,4bd4bac1ba3eaf71f43a2b79085e37947dbb3dff1f3a290e1513fbe67c625a45
P11,39,5c44ed864f867e4da7d396a63bfed723743a7c95c5fb080756ddfbfe3b70b56c
P11,40,04e03584d0d646101c40e8894cb63e10a08dcc103e61d4145fb490bcc4e70aa1
P11,41,d223d0d3da4ddae6440afa628eda493b1b25f202bf9bf64b2fd0b03a0e34d6ef
P11,42,b23ff82d32e3c1536cbd8d46e2be4c782468b603d716dffc3619d4520261a658
P11,43,55c22f29f315e8a32af022f5a45389c7a1ad3d75b90c5ea0fa48d813a1a0641f
P11,44,da33d9b2c7e3d92a025d88aedf2bacad2fe4ac846344a9d201ddabced9633fd9
P11,45,dce1130112e170e5db187696034aca60f749225e36dc99e55b635aa3d6600cbc
P11,46,958e90b2502088bb5834ad5a10818af9c07776bce228a5d51221a85d95a21363
P11,47,c1c922f3cfe179510f3fb0ae2ed0244760ffae453873fd0b7489691f5d378491
P11,48,810105586d6ad49262d20ab9f6e7b45f20e884c250af10c1302fc42ffdc1bee9
P11,49,cd001df827261d30f1ce441aedc4fd35de37579fa4b4d21cf0398288f42b5e76
P11,50,1b954a7bfdc4d1547bcd493466d126c45b640318efc9bf08a3cc45b35c62f6b7
P11,51,b553359fce6324f53ff99bc7082e10e2ee57ddddeda84bece263b6f6140056be
P11,52,bae5c2f86ccaa6db652f131475e1e75b787a4e6a5a660e12fcefd5ad87d6863f
P11,53,86f21d5b617a656018400a30883a8f426b300bcb428accd4b18c478e35309563
P11,54,c87d25d500ef18664ab47a9bc509f4b96b8091a16a7fc2f0538cba1c1a611dbd
P11,55,8eea2049f7854ce5f9920b28142bdd6e094605554ad0b5833297470071ad29b3
P11,56,dd2a9409da4bd87760bf5b69199117abae9886bf886b75e209422bf85f853ee1
P11,57,001bdd51301c54a3676b2f39b0ae33b6978c0663f58b18d28ae4187aa371c5b4
P11,58,039c5795551523059f70c10faff91241270469005037684841062e4094fe812a
P11,59,896702bd23232d1504cdadf7fd44f74dc849335447bbb6c3ccfb21a52bd21acc
P11,60,7595e450a747edc200fd13157588c4ed9f6c4da2e3f27df00a122bd07d7a2f1b
P11,61,f0753197c22bee65a0ea13b038bf9856b390611a844d55c30e8972b67237fed2
P11,62,317f80e1eb62306f05af44609b7ff3b8c8e487d12ff8e9582b49054d3cc6ed2b
P11,63,7024e0ed47692671ac7ba4a731e092286cbba269a8b3ee6875bcd34e5a4adbc7
P11,64,e21d2208499bd4487ddceb3d2c86d5d6d310a867238574b0f0c35071a750cd94
P11,65,88579a03021963e79396e54efd131bf9f1c035515282929e06af5f0dfdeeb1c1
P11,66,c8adb395fa1edaa52257576cdc1aab3694287b8885fa1821f7eeb3eaec1e7d1e
P11,67,be13a2fc6b99ef9ae04fe8289d425817e863242d648639a0c2810583184f3287
P11,68,87dd6344852d77514c0a93ced88ac77fecc41de204fbefe809dc24a5bd82bacf
P11,69,b4dab66e3c97a00c5d29a9ec8ba9d9f903a119a0b619a7c9bcf2411961467b93
P11,70,e3bdfa1324793ecb731362291fd5654c88dec819393d223ebe2051b978ec0a9f
P11,71,809f901c46bfaf60936b10c0fbebc3559f4d61978d62ec64f75e6253129fbdc3
P11,72,85c217db2a674685db635fc7a4f4d1d085573de37ee6640b40fdfaab694a8eb8
P11,73,7ff63c3e4332737a7b27c5d1cb1ff52ecb4f05acdf48b2c9dc25b1fa7a9415cd
P11,74,4fb8c7b8434387ba361be2dadf8c8acdcd6c60972ddad85d47c6d7b1af3a4ba7
P12,0,d51da3b4d3e036d09b312970c877b482bd44c4a4974bc70188a2f0a352f942e0
P12,1,2994dd9f1896bc1fc44a8bc75d2dbba0eef9b1abc9ed4669862732df539a0709
P12,2,7176b6a27a2d94b62734b3777ad8a293a9bdfebaaac0df305f1cc5eddf9a850e
P12,3,19773f1036b91bcf8f3699b551812610823efc5080b289b8857082d9263f1da7
P12,4,f3def472c6abf7a0e8b3c5285392bd88a4816e6dc9135b503c010277caded25e
P12,5,b6b0fbde089f14346bad6ffa25d38276cc32a7844ab415278b160c9ce9c56f5f
P12,6,4800bf6a94200d1de3645b113530a7c0dff456dfb909eceb474e0af32364e43f
P12,7,51b46e4be8bd63c2ce96fa81e8a8e8ad1ed5a404da500f43a14e6f4f4fdfd869
P12,8,6902906fc8e0ba65bb6d57e7a758774325f850ef9e9de547052f13de5f4f194c
P12,9,a2ed6044eafbb2ab52dcca49dc090217d8b0751557923f6ff378dc74d471fca1
P12,10,87e2079363d987172bb477f32fb2412e8d5194fed47ad0f2dd4114fd7f9ab23e
P12,11,f6418230a4a037af8a9e7656324b7302e495d2d15ce3bdf7136c4ae247eee2e4
P12,12,2f6823caa494df15316a5e8e5214d05ee0d61e12acbf0e8776668f44fd0bcd71
P12,13,ab2e89fa6b95d2b4773d4ed778d68fbe22efdc12d8f9d48ade00b6962898a55a
P12,14,3395bb069d18bedec4767abe61d1ca106ecb57b7bfee3b763acd9115810608f6
P12,15,a1412100d5f33c4b2e9bbcd7369a5ed1387a6899d26f9f8ee5d5f5758e3b3099
P12,16,b14510704e94da941d300710b399dfe5547e06c5e4839ad96cb0408ab41f3c9d
P12,17,21c8a6d1a5c4934d5e49500b5e250ef24e5ec3d08ab859201fa7ebbaab32e6ea
P12,18,c48e27ca9e22bac9fe8c9b217598b9a8949c3041f2582162f0d1500662232e58
P12,19,7cb5f86561f90be432a7e3a8b3a162027548c5f5c4e3767dc30ac40e5d54857e
P12,20,09dd68062e9274dce3d24bdc016199a5039e61521b87eccd60b13bd0f6c1bab0
P12,21,bdbf757a31ab0ded859f576c1a07d581a8d852c16b5fd53aaf67383432bb58dc
P12,22,466060fc85ee21f64e915ddeb7732e822b1396fd8e37432d74aa1cecadeca5bd
P12,23,f2c379a47ce019d5905f757d748e54f07de7803cc4b7c9e8b61ba3661caf9051
P12,24,edc2974f624cecd53cd12c10757d23cce05b61b30cee21384ce053c912bee230
P12,25,01fa6870e48f3c127e3d5958e53cae7a251bec48e487496fb4ad8e10753ccf05
P12,26,41b71ecf1aba40faa3c2e19f0713b9e53ad50620238c901e1e86cf0049c44d88
P12,27,80554258cd889b0b513af67febb03bcbc4618a89eeff75b3c495e4fe6b960c68
P12,28,e4154af39277b26db6dff3e9da39112f75aa6ecae77501d38b53f6a62348cd84
P12,29,4dd4c0f22c540fea4e78aac58e0bce6794179cbbe0920f907c0530b0000fd6c0
P12,30,d8a9d1b8e47ea64899df736328a3c2b5d0a7892ac00440984a200aea91aed365
P12,31,29d4be8c5542aa07b1f2d9d08dbe29b6c7f3e273f0b6fc17ac0dfa048c55a113
P12,32,959fade7438227678740ea5a2fff81e0efbdd7f28d838066dbbdbf7be5895816
P12,33,ff49f99c169e7c09d0cf76fc2a16c22a5f1ad81200f7ec9cd08d106ace24bc54
P12,34,a1ec93b822923662a0b59f7c37a97c42bd357e7e1741281e24589dc0b149094b
P12,35,ae1a29987c2a6064ba1cbb53c1bea4690f7d642c90ed07e9dada08f80a930dfc
P12,36,3fab94806f04ac650558a79bf3e2d0d6a9556444abe60b179a6efc40890ac92c
P12,37,044eca05eae6ccb68571ec6fa36179076643fe4653b101ebcce789b4fc55beb7
P12,38,2f65cacf63b6ba2fa784e4217d65346c1a6c5c51a22d029a4cd3fcb0bda0e723
P12,39,e20eed914a8c9a64b6fc50d9bbb797032bb68452dbf7c621114891c673a0f758
P12,40,2aa742f8fb0a77dcc1aa9dc439be8da7066b9ed3ae4beef04964b236f43d3f24
P12,41,f7934b5949eae7630884f81e10e911bf3f7d42df648bf27bbbd123e2ba59bca5
P12,42,edba1fa5c3d708f93bd72a03040a22a47bb7d21d09ed8f7eed2b860e8b50309b
P12,43,eb7f08162cc0a43d90fbd8336908058771fbbf36d000fc5171d16f75c4c93e70
P12,44,e1d83a2a4d407f7a2955673348025454305cdde7d9f0f58ad2f31b14ce2e388e
P12,45,25b379468b1f2add9c0ba2a9da25ca382a94e8f44486386c21a53ed818d36506
P12,46,261fdb2776ea42ec1814763fc2c77119b50a0d7c61adf1d4a9cfd4b78431c095
P12,47,78574c72ad79497f793dcd05084118a2208eeae6555b4b5421641ca74915e586
P12,48,38ed4f823e6dc7240368a43610f2cd6554969f670511a14cb2a71eff7cf7dac1
P12,49,7ebc81af3215ec385c594e4dae6ace011863e1f05b0d79ee20adb5730dafe9fb
P12,50,732bc99e87e9268b0bde4daef12de5293e855b3cc50316e140baf6fdc86e30b7
P12,51,136b03407056d4778870751688f72a3332ce5c2f27488671926970892dea9239
P12,52,4db683fd70815382c2f670e71927a56f477ceff83f17735ee3b5ab358ffd08bb
P12,53,1cea91f779db9eeb4be62e80e448432565d9f9f3d24b600c94a78b9002b1218b
P12,54,3acd81852da2ee60b60ce34717a82580ceeed8848f75b0b1dc8ca740a8b3a032
P12,55,5d7cf60d6d5606688ab3b4d13f163318252fcbfb7bcb23cc4163f1728782aa13
P12,56,892325e4aa701c8eac8a3b498065586405e7e1ee3e2744ea4d607e9281021fcf
P12,57,da5251920c940e5986a9765a4aebd356bb50e6c10fbf70df414714a9058d46cb
P12,58,e0709b0ad5abf19ce1b80913bc27bbf2c3d0ff1d2698ca5026009f8d03517fb7
P12,59,44d7c81356935b50963affd862c1c1c2d6a663cdb7d84fe15e1623674a0423b2
P12,60,239de6ee9fcb46ffeaf16d1ab9e558ff64701bbc96a91fdd96c2eca3454b186e
P12,61,796d82b2623c5e32649c0cb037a1000fda54d508188805d0580b275acd0759e2
P12,62,7dd78f8e7c6eeba9b70597d7578f0e09277671b69f612d63b1fff8803ba1c93b
P12,63,6e5e49e0ef9b289227032d31e323c85878205b577695043b8073e8e87c38923d
P12,64,1adf963b0fc1b3f686c97c8094e9b21e24bd702bc97d249ed0190b3a657ed2b9
P12,65,51538e8cc35f6ea79229be371e59c4144b4e2247fa5e454cf799fd64031a7467
P12,66,1319477837f29ea343ffbe868b0f227524d5b0451629aa5a1af3ec74f6480083
P12,67,cd426b99ae64f074a024f3c7c9d3aed50c153eb777aec132c223d3f585f92c1a
P12,68,cf4d518d502ce8809cb68568aa1b7525a2f9e3dd96c28ba785ea2c010f9ec4a4
P12,69,7148e743a12cd5b100a0e11b111711df509a5a96212ce0628a6da1ea1e4626a6
P12,70,318bcba3af52735c6bee13e770f37912bb247426f2139e1f651ea58df36ac919
P12,71,f544cf108c07da4068f5e6602593e2a3509d86fff4b8650164c3bc61e6630c7e
P12,72,d869e35042eb9ca064721e2446b201a8a113a41f05a73acf93317b06e224862b
P12,73,804225704bf6826e4c201703763eeb6cf21b86114ddbb420b49fa2b5ffba4dd3
P12,74,1eab6681dbb1ea7774db40a42e96eabbf31eb50e5b0857ae8726cd019c863fd3
P13,0,9d6477512d9be6f54b3a77cc28b94a3e35d5daeb2ac45841b3e75cbb9d4748f4
P13,1,78682d0431b2d147190d0f29bb89bd9859ca360884f4643b9596cb1d05c3f9b4
P13,2,bff9a97d68ab823d449b761bcb01ae14f1410f1925da291760fffa1746f1af7c
P13,3,806ef4a1c47ba192a0471b9c5caa46fb4687c45dd2a300adaa4848f2503f8bad
P13,4,157dffa20d46e3ba78dc9e22a14e25811b5d7d64ae02243896e9828c9f1abbcd
P13,5,c41e7f96acaa970857dff3faff302c71e42380a013e88893bc11631e344a4224
P13,6,93c8b04ffec32498d165e6641b442bdfc4d184914e111fc4211e7adc1b857c88
P13,7,b5c1a11e7150276536eca77643b8751ce4625a90a058ce788b9dff669755aa29
P13,8,6ca3e3908fedd4bdd6b5192afc25180cb27d03827da54a18ac08d03c2c7e640d
P13,9,953613241a79c519c96f4295c22fd095856f4da838b2e932073d04fecdbb331e
P13,10,3a59d66bc3895063bbd41955be128bd011907d3ddfe072300aac0e86e55db33b
P13,11,b973d12827f37b4e598ca867d789376f1b2c6e76829ca8ce637b847ec83dcb4f
P13,12,5d250b8526a97563254d04f563aed8e0230265eab8dbb5da790f63c2a68d914d
P13,13,6e61631f6cfb5f37ac3ebb7c81343830a226200bc90a0249a9796cba933bddb3
P13,14,5fcabdc9d8438b6edd0512fce2d98b2690ac0de835cbe13861c2b68f037662a3
P13,15,7765e16dba40a489ecdea1b6c202a0f4881ad04a34faa634eeed399ebcc01a1e
P13,16,727f5a120421975941328ac10f5413a7b12fad318e2ca7ba6f98391d4a5ae092
P13,17,cfe30622da7c8b09c4a70909e96171fe7c8751c97a1ba25a9ea9908f178788bf
P13,18,46e48b7b73eb12eb99e5c0db1bb6e6d0bed270a1c88fef899f23eb48102a7458
P13,19,c110e59b629f37629556b5344f5a86504cfd75b149ec406dbb9dbafa85a9c8ae
P13,20,a8ea05316f0317f5ce6a6ca7f8a1dc108494bf4706bad203487fcb22dd3b5a74
P13,21,583aecd9c5e183cdb5566adcf4dfc3b22b41654651fd410351e2c012980416e8
P13,22,35746a2a6fe93f943004ba29ae27e99a0e27231291aff713d07724a9a9ca60a3
P13,23,3e04aa2fb18a89b2e6960280bbb7b09b3bea6b8dd26aef64276417c6ed68184e
P13,24,38bd8f78b1fd95f07fbaece9d0f7697f83afbe65c4477895d4fd94f76a08dbde
P13,25,dbd43a7d83a59f1dfc5a417653b53073405964607cc68c486caa751eed0e1dc4
P13,26,03b02f67f72fc46af2aa966a563330034108d6caa8cb1ffd44988b78ca2c8a19
P13,27,2b0e290942a367b6a78a29ca410a1c2658fbd872d52bbde681965b7495ef4050
P13,28,54ca0428eff6e741e85b8e54ccfcbd43a6db3efb7c23d21a68ba448c0f774310
P13,29,281f7f2145f8a0915b2b6cbd670490f2a07a197ce42a98d5c2b699d4e6c5ce0c
P13,30,2387ba974ea5b7e1ed3eeb0ae19ac7610bcc9660e273b58cfc6554371c222792
P13,31,254937a0a32c28014925eb885178c98145eab4edc3c36ef26baf383de79c8b39
P13,32,64848fb4701d3596a01a8adad53686f37ea07d4d3375647cd7055f5ccbae8336
P13,33,58c73401602b3c491b0c69437bf9879bce2b96df1e1f62068a50205931361481
P13,34,82b5db0e24c166ec68d13beac4533266b71a75b8c5b5008dbc6d1229c19c1694
P13,35,123c01f6d69c62da2c4c8cfbffa2cc4e3709af9f34cdde4b01b9afbd6ac6c6d0
P13,36,6b970398775e2b5eb2bb0f686a9c6c628692682243fa24b0766ddba7a44b9d2f
P13,37,0ff03a6893c740b409d5b5233353548c47056cd9e93bb536dac4a29c95c697c1
P13,38,cb17520dde7973af3060cfee3d5db3bd47bce6c38493947a57f88556fcc9a9b2
P13,39,1b4769245ef258216f2ad7ba715a054b030df6647f68c085fd1c1b55e9502c7e
P13,40,6bdb03c652dd9f56e742351f36a07ad1d2d4309429010befb0ffe38ddfd312b5
P13,41,0d81f74b5647f75061c509eef19e453212ead880cff507fa895934262fa7913c
P13,42,9aeb5834d36a865cc4c6778e1345383509cbac23d711de2e4788ddcdbd73cc09
P13,43,a0f43b994aceb382cc7b93633f088957127ef2ec9d5df8957d69ff1ce9fe45b0
P13,44,bd84195ca4a9e4b861b86c70429f7412a6330ff88de692cf97fc7411895ea698
P13,45,1a2f3d69d0e7febdf24fbbdcc626d65a01ca5bd9d183802e919c2c7d113f4b09
P13,46,4c5d9bd6dc76ac2e65209ff52bf05ed66d7a475aafc855aeab1c16b81457a382
P13,47,5ffc4bce9011f80e3f31f57d109e8685023079b0b0a1cb12cb324a9ae0d59d65
P13,48,0fc169f2c4cc8a81b88083bed32ccd934ec067dc1770fc4ab4797712fb441381
P13,49,19d99bf7b9f5c0a8efcbfb523991c725e177ee36aaf7e821979933a9430f441e
P13,50,701fecb43e261c2af115b5791eb98d211f8bdf456e7e271c3ce2d369157d9fa0
P13,51,b641d500375c48897021c448f6a72f13afc1f638e618a662a4665c4ff4d2fbd3
P13,52,1cf9a8ada6094529ba3f0391f2f2b47f9230744c834361f1ae5276a0a03ca7f1
P13,53,c7112ff5629270343c4f3ad41d22bad55a7796180e2ce081117dbdba5bc9dd8f
P13,54,b7abd451d6426760f06e77e61181f703c66e60905ab74a4b50de1f207ba9350f
P13,55,bcfe39466c636fc2611f38e77dcb0917b247b16b741fa5918e868ebe02515961
P13,56,fd710306b299ef70257fdef04935cb07007ef6700b8950b9e224b475d22c7719
P13,57,d1033c99a0ef68ebcc2c1e718a20a31ca5b871c675762436f7ffb6d9dad17200
P13,58,127e59e3fc2165eaf8114e837248e4b60851a26d29acef5da41b96895bfb6862
P13,59,3df38fe4578ce38a08833010d4577d9d968ce561de981d3444b4dc15a1cfa00b
P13,60,b29b58bbdaaf351866876e697a1350069e5d883eb69b80f3da3efbcfe69f9487
P13,61,6c6d65c795dad61c9d8a71f4bb41f498fa141240c31550fd13e5e5bc5571df66
P13,62,6ad480745a397f2dbc1b001223ba41f7424f01036467522a1bfbbda3364ad9f5
P13,63,98aa3bd2c8bd796f72b8e0ead09964077b126c9e391993bba861f75d957a8357
P13,64,2e43a5a7b70d644f7f25bcf7f21826e73ae3e56f9d768217574ddcd1f3b5795f
P13,65,03773aac4f7bd0b74fff8339f867ec31a5fecae27bb8588a8021ad557c308037
P13,66,da389492ffca4bd6ce4ac539d74c0a76a520f6d0cce6e3fb964964ed37560f0e
P13,67,7d5ac9cb463c4d3b7f513cabcce5433cdc274a66822316215f5720837686e411
P13,68,5a3c90de487639c0263174e905a0331dea8753adf3eedf02bc9d148c1bcc4608
P13,69,282f813a4eeddc3012dc3d6cbda91c4fdfaa68190719a264fde43ae664d27083
P13,70,09d0f131f4724e47fb11edeb4e3d7e3a7026674f343ed369a8bcfeacbb8a7bf3
P13,71,247e285e339f6fa6605fe4a297e00a812309e3718b705279f5f9765d684b35db
P13,72,8ce47a53d4132babad990e556b6b4205b7946221d2ad8401a81c120408aad35e
P13,73,925884d944c200dc117512899a66844c704cab44a15657508133fa5be7b80a04
P13,74,c9a6a7130914aacee5705df762873fd4c8960d0288d9dfda4e45c4f1511154ea
P14,0,429cf72a36a49c1b4adf78994c0ac84a9340ea1d9d30c9ba84d34ff9993738a1
P14,1,d9ec07fcd566f16cfe574f9797430bd701ee75d3198d1ca334b4cf9d740ae741
P14,2,48157e3820c9ad6fbaaa5473b5655024877f384c91cb2c7782a76ca947212008
P14,3,a41e6c8290a5a6ca8f686e338e1551b457023a39586b32d6de80ab85ac9bb665
P14,4,5061754f5593e7f70fa39e02e4561bb9992e4cf3c2a761b678ddccf0bad4cb63
P14,5,5f09f56f36580a083b29ea59754c997a31807352c2b973a5d690cfbb84d444dc
P14,6,c6918b5d0373411944d164190c71b76e5202f809c0a827616cafec0635340cb6
P14,7,8e4e81eaf0df8135abe091b09649f89c478c9e128c511832fd9ac311c736834e
P14,8,b7077a22a9498cbfa58f8890a43b4cb9c40d7b90b3a5e0e2b26a27689400134f
P14,9,f4cdcda7d021afb81901bbabcbc336d77fb315305f2a903931238676c8a5f2b1
P14,10,eb4fbf1b52e9ef849ed3836cb4ba6ce539330d85b745e32b42d5b94dc7623c2b
P14,11,370e98fed05bbf00215615dc412ed7dccce1f61945da337dfc96e90081295109
P14,12,b054e23c6b11a26ae592a9f0c5abf3143dcc2ba8cac4e8de68138b71a17f5974
P14,13,23dd483bdf4c5b2351d5c232ebd3cc423a4fad603645a7939056c8d249c73b5e
P14,14,34e4a6aa4524015cc8b1259c7484c0fa801382857251884b47326699f260327c
P14,15,725c8b91b41136cedeb2eaafc13882703cd37eeb1c494631e46c589885b60df8
P14,16,9f0d73dc1f22c63af317568d6d188ea62e77abc63a1299ce18b0754715d0d470
P14,17,9e572c48c01ed29d7a794bf968403bb5217887670e4031148affd16ba819b9e4
P14,18,f684f365abcb886426c598c725ff11e4c4f3c3b5d3c98c5926b22f9cdadb486f
P14,19,d2713896e657cf53489e01c44099483be457e18e9660d9b50daa143cdc202a17
P14,20,9ced5434ba5f603038d1c3ed4ff4a3b9bbaf18543d6bcf2f8f2ef1bd1b7e3eb1
P14,21,e049ebeec8f1de11622bff76e081b81f402a6e865106690e8370d1113f130390
P14,22,3d3c2feb44c6354a4f3c2b391a4e67cabc7e56b715a71f281296c0453fc2308e
P14,23,513d9b980df6c6be33a70b94de9bd31604755dd80f36d57413c4f667865ba154
P14,24,9af887911a46727c3beabbe6a5c5059c5bd1b0db1ffa83e8fb7b68722f4b50b6
P14,25,9856bd257134a94800f4bdeabff88fcd7745c1fd502f8a5c2d1e01dae595adc3
P14,26,2f802323218431ecd012341b184e5a52fa8c8589afcebb6b2532ec110b7a97a0
P14,27,3fc0f35095c7978c3b95665ef32b0458f4590a7a939876677abcbc133827f982
P14,28,70f1db1331c2a9183b963ebe6c09b4eadf66463b79cceff21e61b955361195d5
P14,29,2f86e4e84dbc1271a4781ee66d5533fecb4248a30a5ab52333fb9022f5723e9e
P14,30,8b318f410c74ae319065307b264671b492c2293ce5068e51eaa8ec1c6435d0d4
P14,31,daed78d0b0ca19d1571156f494ce0df7f51754eda6d7c0a73e74058a631cbbe5
P14,32,fad7c60fa07d700b347c8f5bc12f7cf655f7f5a689479073049b90cc2eca1dab
P14,33,bd37927dd8046a70a43173fa73dec15b0b97a769be95ef4ddd6d3e6b1dd5a5eb
P14,34,1fc045e902d5eb7e2b1437c0d84fcd8b11b32d0d06c06afd02bb1d7d2bb3697b
P14,35,623b8a574b753e8c325d61711836b9c635e98ba2bbdcf691e7342286058a123e
P14,36,b152cb6a55c1cdb338e6a5192bed2e002b276579362b566c05048213e157c476
P14,37,d6eaa875542076d62e1ed5da155fa25cd4b625b9b8f37b08578ac866b2c83b9b
P14,38,8ec05d87943d55fd05b6c1f18f096553540e87c9d93bffa96f13bb3ab5eb84e6
P14,39,a40ad760780a9f46f52290ebc25a509d4e98d575c932c487051ceca9d207ab56
P14,40,5a9269eb20c6635a38350de13faa553f274e302619f909211a821f1966966b2a
P14,41,1d107fde05f57c3105ba1e7af3b31d26d74f0b9ac0fd992ea4d2a70f9c947a6b
P14,42,9569fcee7d3102fbc22aafd21ee19aa46bc4575b0a6a04e885e55ab46c6553cd
P14,43,859507bbf09a2dcfadd3e6bcb4ee3235a27c68dc2cc077e4a952c82888d12225
P14,44,6a62b076e869a67f39c09171e78c3ceb6688b3a68d87f88fb4dbb52801bdccdc
P14,45,c81b7a4e78817bab02e74d4df7e3ef78fdc93bda26feaad49294558c8ff242a1
P14,46,714ed29941b88b2539f8853d9bed2c7cf9daf55e4aa409f891812b6c43347cd8
P14,47,7ba49e651a90730e676994525f2bc4dcb60e8762909e298dc1981ea26c902e15
P14,48,0f27af506aee872f4cb6f062fe88218cefc2661dfc04003785f1e0c47ca89094
P14,49,73047fddf5b3200f370269477310d398560f7366a3c4db5d222822ba5ab96991
P14,50,708ed35803133cd6fd319723658490437df895809b84c6f14d6895f8cf37cedb
P14,51,57491aded868e370554e1908fe4dc81223586a4478036f0b783366692b8a222c
P14,52,2fef5796a1e84ee216eab452a61db22f235ddd1ffe36c4290e3de73e485fa35b
P14,53,41c1cefdd485e8a6b2aec06e06cb537b6374b3a206e58af21a9a81c90df77c88
P14,54,992c7273a3397992e2700448a947b692e65c247ae8e13986362dd53c4f8bcd0b
P14,55,c2e65d0d2f32cc7867332c1ff675639eedf1fa82bfd0823278e79e1cb7a7b852
P14,56,58fd095ba0976221a393d07c1b0eb2a695a27a8e6e78a04089b8c9923adbb393
P14,57,ce6c98084f43dd98e871dc0bb0112ce80ff54f095afa65374ac0c51a253a4f02
P14,58,fb4625817b4e29e268b065cd77d438ec0718573a235992c5481821274fcbbfa1
P14,59,1f070649458d143411a5637fa4b503adab81c618833891ecc05ef8691554ecf7
P14,60,d13f16ac1393efe694c688fffd5592401534c0bf94fc95fa0112ec0b81326455
P14,61,dbf982d8089d9549bc5335e96174f1505126a8756a09228aad42cb12227d3d3b
P14,62,9c53a61e8a7d9a1e31ef29fb54055e97079d1ad03f13b04d4a9fe3d5c6431dc7
P14,63,8ef134d17b5b750f90f1f38cc5db9a3584d622769f4dbbb605e9ad207f947a9c
P14,64,34a71d3db69c318c9eb68ba57307851900182cfd49544f4ca14064ded013466b
P14,65,865d6aa9b230bf059fc893245bcbaf1f22cb0fd3176fea993e35a25cc2475851
P14,66,7deb5d315e821e6a93f4a954d1871a8d560c114e7b776777781f14fc86deefbb
P14,67,8ca0efcc5ac1f78761fe9459c53cce72b7a4182b0cffeab8783dbddc19787935
P14,68,037a002f298a3821a94ed14986ce1a584df5cc6ad1a045719f046b5ca20f1e06
P14,69,1064a2426fadd11f4e4ee17cd25aaf2d462bad8bb665cf460566a3de44257253
P14,70,efecb279b14b3939b40de85b35d6587f978b90bb606f2b87300b3651b3e0690c
P14,71,8d98f357ed02e60f3c3e6db2d10d23176717ad9b53512db0395a206865212d03
P14,72,4494ffc9ef832d86579403093abb58114bc1d79fb1c893378c88d4157809665d
P14,73,854915ca98d6fcc3338c4c79098be3a285bdb3a5d6487e842fd6a6444d04988b
P14,74,ede23f775e2251b08f826e7cd72ec22d3b32c4c00108d6d37d05ac41792ee265
P15,0,3e2d58c363f9e86adcd98761871ca58bd460f3685389853266f1e17de46489fa
P15,1,975b3f4a76a4b3db6b0f62aff8d1dc4c553648b134575f06ecb44507357c7d1a
P15,2,780390161a4605933b099daeacd280217f1c4a2e99ad2d8612438b23f7a30bf2
P15,3,1e057c6be60cc259f11aaa4b6636945c763ce7c974e8b903df62fabc0d903e46
P15,4,8418f831e5a633827180159f35df7bf54569dcad3d962a5dc355c9c04b3e573c
P15,5,1ddae82561c350fc0e390b5880f3a0db815901fdb8304b77ebe55135533c7497
P15,6,461ed804d0c5f8776080d7dc5160e2f94be719310d72eb205369ebbf6ef97ff5
P15,7,977a39cbb439b31f74501e62824ab68e7a0013bbf3e579310f3843c658d0411e
P15,8,cc9416a71443567e547fec2171f70adaa1a2244e2f2d753e04a9884c0223821a
P15,9,7d0c2b50571bea7a1241d5d7a16b8786b94a8f0c541f58a20b9d19f13d71fddc
P15,10,928375eccd9677c8ddb9949e18a44d4d94b69febe4613cf54e53b6c0ea890b52
P15,11,b2fa2bf54a9a8b9e34b65fbf36f153c7ed1725ee253f74500407c9fbadc995cc
P15,12,13749d02f910640df3c1e1c3452952a27e475387ccd367d5532a583bf264b7ba
P15,13,30420ed2b7c88219675681d4e546238105079d85804d073bbfc7a7364af87149
P15,14,8bb2793d37943a46397982d26139d9bc5f2870b65a1544b47429a9ff97919687
P15,15,21461722fdaf7a0af28d23e0ca981e2103a841d1c17e43e913f417dfeea0ecd4
P15,16,7cb6b3034364592405c676433b050f39eb6a6843ae14cb069e25686b040a4133
P15,17,7f8ea7e24d8bceddaadc0e688a6ebcee63b9e2f01e5a66d632d57179c053e698
P15,18,93e3190858bd24f24f1051454e9aab261bb27ab022fb83bfcfe2e1e6d0b82eee
P15,19,8129907255136f87f30d408b79098693755475ac13ccce91ef679991518f7fdb
P15,20,11e0589d9a43faababfcdcc707d1c7b38baf0df13d547840f5eb322b5bafaf51
P15,21,894496acda9dc80475fc63bab24d5e1e6009b132666efe878f59d1905cc202c8
P15,22,39ecb3ef795f8ec9094b9609ddc8aeda6b11df4d0e3d5b3b585ed55dc30634f2
P15,23,3738342de2f8a4d205b373f80aa639a0c109944d186401d56af3721fcaeea711
P15,24,5f9e70a70136583a99d1bb4cbe67cf4e6a33e45d0bc341bf8c55e9476d89804f
P15,25,511334d624e9832beae1bbcdfc530c1e8976c90661ca7f0cfc9182106bcd61b1
P15,26,d04f6cf7e1d33a8d6e8bde73a3016393eed641ba4d7d39f3df66dc90b1ac9080
P15,27,8bab06b2b3481183a020b7bb5fa5655cb62f10c5610837ca56f2633c7f9cf291
P15,28,a7800f1c7065d71dd2e158b1e0afa8428d4c696e3f49c3095e33cdc1a0b31747
P15,29,6f1cbf22cdc5cbb8eeeee42ef621836406206ac61170ee184d65330f183b6754
P15,30,90ab3f77a77e39ce55dc39b738d2852dae567fd25bc3e923aa6fb11700457ffd
P15,31,307d7bff15858f2c1e5758400ac35b400ab72793c364f0bee9a607dd4533be48
P15,32,95ae1ba5b387dd0e4796aa9971a9e0e27f3ebbdf6d7cf1736be37aeb5882131d
P15,33,eb4c332182f1dbfd8fc48d9177117b7c7dbb8c93a505fcf535f07de58b3dd7a3
P15,34,4825a3e6f96a62659b410e490ffc10feb648d5afb355516bddacfbfb082191d4
P15,35,2d78be53373deccb33dca2f596edb95233b5d9826d8c1606d4c23b3eda5ab6af
P15,36,9a35066e8a58c52a19aeaa812c6fcd4f005a691db4ba3077be5f5a97739901ba
P15,37,180ef4feabde88ca47ca6cc58afcb28266080776a8fe3ded124c1b6279ae4d54
P15,38,7f5cfd74408ca4e0418e6f55dc336173a70965cb2843bdd55a39fa594cd0a784
P15,39,de5f9ae55fd07cae399234d0bcdb2b2a2d9412e65c7f2cc82ddba63c4a17631a
P15,40,a0bfd1060bd672ce8902f1611182cc8ccd2fe4ce2a3a0f6d3b63731f10075c64
P15,41,5dc3d466bb89f2a03f7a450a8879140ca6d2b19343e940ac88a0b0965d83c6c1
P15,42,bb849a6eb1f43d9bd02ef11c27730bcc9b8272f923bafb36ce2b375a6cd6331c
P15,43,e6235b2a1309edbb824b52efa107d7820d0656c9654b34b2a1aad07da5592e65
P15,44,1dfd545209f1c4abea76208550f24bb9dee7e666425badf954908ca59e46fe1e
P15,45,45c2cf6a62a61d3e0c86871de4290b32ae1687b8c6a819dcd1e7358e40f9edeb
P15,46,cb3cdaf6c7255c5faa3c577e3ea4e0db815ede91b5aa4fa402f928e855f690be
P15,47,c8194f04e604c89b0776be88277b44282259959c6716eff718e3b6a4671c7cd3
P15,48,f8fdc696a36955e6c7eacab98707f59c73421f967fc6ff1c10ee9db133358111
P15,49,e3b1413cafbbabd2bfe3d24d7d4de5d266ab3c999619f3b2479ae04ec3c2ae6b
P15,50,4f5adaf00c5433e20e882cf4305cc7fe7789e86ddc14245bd88cbba01ccdc334
P15,51,48ca018e35e4b34cd839cacc72af67a3e40913e2491e005692f9da75abe186da
P15,52,329a80c7c66f34ce805b382a90116234cd5276455dddc712388f6b0ac3da8812
P15,53,db9d61051aaf4d76ddfb643087842da999e9bf04d6a5751ace6ea4b95b22b544
P15,54,abc9bafedb36e337f4e4357956e4f4f87b4b9dc96be33840692e3ec1cc7203b1
P15,55,e135354df2d6260364528878859eb04a22295101f74682b0fa6197afa5e9297e
P15,56,17b22438eac43d113229b940e0e2af9635f43946ac567be405e65139027a02ac
P15,57,a4bc8fb5762b4991ee7a27b9217cd88bda9937e11d18ddc0d902a7ca8cfa2d6c
P15,58,26e2bc01b8acf557000c67064a4bbc747af5faa26e69fd400a28ae489217730b
P15,59,2255c8a984e5460c42707a8d39a0c29a485f459f67e4aa80fbcb5aaf1a212ba2
P15,60,b447cae651233f212afede8d577592972aa4f87dabb050a969bf9defd6d9f8db
P15,61,51d66803a796e2ea21b446540bc4d99f22aed43a168d413b00582638bfaab966
P15,62,89170fc24a33e080a9837a9ceb9b36cc15eb3e355459d1189efbc07c22e965cb
P15,63,a66856e820bb934fe94b447068ec6ce34b8e44fc1c3d303b546e4050d0e25c0f
P15,64,1c6a64dc12b120b6979649f7a867b1dab07697802f07e171e8d1cc51aa27f907
P15,65,abbc1dc4e3c77943a8b0776a179486a7e15b9ee292b55e72fbd237da17049ea6
P15,66,11551c877d651defbe88f67175bf196929d50f94804386c667b1be43944a2a8f
P15,67,d26fe568226fb0b8dd098de688c93cb2befb366d3a59eac34b90d83319418666
P15,68,8ad77b946f32b46766358916838b545f52222077b19ef5fc55a2e15dee7fbf6d
P15,69,79be6f544a1f5a05d58f85544d32417bfd76f8a080c07cdcc1b540062f79191c
P15,70,66df5683922bbf0189f02484e946c1cff4117ce37413330581a51457fd7738cf
P15,71,4ca3406ad965bccde9031a54dfe52823e9ef69ae1a26f671132a4a96c0264204
P15,72,810a276976f8920d6ce5716f66aa392c4d3efc9c35331d8e32cc512946f27a4e
P15,73,303ceaed01b85601674db2a7f6e8ac985552209fe431679fa4bdd1105652a98a
P15,74,cc21b40a5ce4a26bdfde98da1e0e971333a7f7252f47962881b08b96a2c91236
P16,0,63997f8d568593559644754db2e7c6f9a0c81ca2aefd37c382f765b6e992648f
P16,1,3d9dc7b99ffbc07901ab2342e9ef2f1b09374c05168462dc7ec39d1ab633de70
P16,2,a473e959c5db5ef6b52a9da69201f8f669adf54f7251338b8def8b14b307b6e0
P16,3,f8a65b215c6cb74af79af011358d0f3c0c357c0736faefaa7fe3cb496206f328
P16,4,d68bae6c4fc3ad015ba8bdc758be0c574af68ec47bde7288dcfc0429d16d5f6d
P16,5,33b1eee4b856ed3b2eb3ab1061870af405a1afc6eb39e7384d969589346ed956
P16,6,1ecbdbabaab3e6f62f09b1b35f9a393d200db7f372fdb912dc81defb1c70cad4
P16,7,7e5eae06cf7a0c0ad06dcdf6f6acba529dccae87b96189bcc3b4dc6801c4a46c
P16,8,6367a8c40b62fc6795d089451641a81423ec038afe19fd54b773119c29a356cc
P16,9,7a864391adbe0836b90c1d4c539d4ce9c4c59287a3e9bc84adbd43e2f8276df0
P16,10,5ee189e0becd565ece2b6f28068175ffa3607a8fa5614c456eafd7688e69fcd0
P16,11,985dd7c20531ca4fd0f65113acd9b7802e1a562fe4d2c2a84e39bb34b7add1a1
P16,12,ba21418979c51baadc29a9d699ae0e286b0ba06b8e818dd099701cceb950d594
P16,13,76ee1d2079eeb3197cae380e106e56d39fb9442eca5b2e6170b8ef45147fd9bc
P16,14,385735bd9326b1f4f88ece27fa3ce2536a968ac2eb6302d54bb92ec52de9f0e6
P16,15,b65959f5d085fcb21db436d99204e6279c4cc094e672a28abec811fce784b2c2
P16,16,3978af0468e9e0ad95ea1899731fca03deba4b2375d0d7482e6999c8087c3a4b
P16,17,847326d851b2d2f47d73a40feaa0104ddeb37672b0eedca4b29a11cff73adfdf
P16,18,79f60e54fb219f88f3f497884bf7c160739f9a01f3529cf5c75a7a74a86f98b0
P16,19,dd7aa56749a61a4038b3ffb75cc93d59e5e77b336d4693f4b9adcf93cacb03fd
P16,20,93c45a6aad5d6ad905f8499b2e052d5a914822d64f18ff5f0d9f915fc24ad09d
P16,21,95c72329ab7d82854ae90c1a4597fee4e8731d2480d9eee32027d6accb6c8656
P16,22,a4459b0a9e8de94059ff74a305c6c2101948eb386e1030afd0e0d20c98d3c512
P16,23,f2ce27a6c5ad796b2e4fa9e620accbf051f40852bf6ac95ff281dcae7b9cd2b3
P16,24,b782941305111656255dcf7b7e112ceacd69e498b339b014dcc761a0c8bacaef
P16,25,5e0677d96175855128bfb7417f56613c1249f95df77eed3fc4d8ff962dcec913
P16,26,8d09db3848bf01b7fa42a981eab1afbee3264d4e73ea23e588b17f81a32ac698
P16,27,3f924ac3ff77c8efacc2b6943d29222a3c997abf785da4f4ed7ea81a9a0c7c73
P16,28,554981da2817f869ee35b583cf99d7093e4d8f75ff546469e1cf373083131661
P16,29,fe022e22b9d3b6fedc15bcf0246909b102e462a7b07bc40aadc64d0549318937
P16,30,a987c95b13840a41b772753076032e228ded6b59b5cdbb39aaf972f47a50f5dc
P16,31,6d89a5ca87efa33015bd2732fcbb4e3d8685544ddf89d249d52328e27963f939
P16,32,7c6fe3eb51eafcabd89c795629ce5f21586a6ba3e63eb069308b00321b5c9562
P16,33,a8535158a4345e158235e29c0d2122602c725f4a29ee3fa7a9656c511d1d9db5
P16,34,aeb73baab82da96cd28f7dfd9c5b1ce9d6f543aea91503a0b0b35e1aa12da07b
P16,35,95411e401f6620dd82633932ddae8a8bf68b4e7dd411e6efe079823f9724135f
P16,36,4049efc1fa607533714eca69bdd9c4b2a239d4663d191c6f740d32ffdee766c8
P16,37,97aec47fb14d32ef8bd11b5a4e8fce1833cf27eea0453a649b91057de74a0620
P16,38,16065f0421c15b42dd67e4e07ba97eccb0a80362cf4e9b0450db9e23b9bc85cb
P16,39,6d3baa2009a38c6eca0187db1b1036f49712ecc5afa97e2c2bd027a2ac4be528
P16,40,2f8f1804dfd7660d4ba8a0d08bbdc7c18ced54f33edf44bede62fe00f5066a28
P16,41,51197204e21a19d7bc631da43525a7caee1e4002e3e431619c2af7ca1fe3c3b3
P16,42,7a41adf73e08e25b468aaa058ad5641f3d74fdf95226a2e3f9ab63a86d4f15b5
P16,43,3dbaa194d07a6d6c157ea6487f4e192fe02cdf106748599e2a95417aa8df9503
P16,44,f0bcd5c8f754f9a209bdda3a3fccd4dbfad966f0b9bc16f176715191342c043a
P16,45,f0dbd73e3abc925518aacdae19ba6941135c401ea01ecaadad301e83425b77c7
P16,46,96e165107ba2ec9a48b54e888d3d6b9e08bbbd064237a2af47a56763ca9f25a3
P16,47,0314323d91d873d1b00774d890106dbb7a97f23757964a70e34b9ca0ac60f237
P16,48,4bd0ea5c76b04f1b53b5dd6c13edbb255dbfe08dc568ca313a2402922b75bb49
P16,49,6156f88df08c925fd9362cafe0ddf8808a7e28c5bc1bf878adbb6f44949d96b9
P16,50,a9c1ccc2f8392653bef8370fadcf6990ecef98577c5095da8193f5d6fbe92a89
P16,51,8b1fa04043fea7a81b817dc45c4c87c5fc494a97245bf869b28e2891e2b887bf
P16,52,17a33bac640dc2b7b9c5b35cde75ece1fef045cb1239921733aa5a6ac14d39c0
P16,53,d029a45cff8d928dea084670a8f98409541160f8bb4e39cdb8e985d75a6e5dd3
P16,54,ac9f4c048d0fa6383a0bf465ec5d1fd698c18df6f40ae20c0a955c95d16f653b
P16,55,b296aea805d9ee241e9eaf5685d23c550b08bf03cb13e8077155d2fce4cd1b74
P16,56,6f6698a48dbf1ebb10111da2d7601e463b2dac5dcb04b04e422d56ad17eabf0c
P16,57,05385442df0daf36b8f2801d9635ee5d8bec406d014b107ddde9fe268d6b1386
P16,58,1facbed1139e640dfb2627333925ebeae005bf665a9cee17e95d81dbca52684c
P16,59,a9f70c5f9b82999d6da7b69a93b7580313edd2aa00bf0c059b3dca98e3cd1041
P16,60,d481a397b619902357441ede3cda7f4fae091ffee5f2d3a5ba2cfbff19a17ddc
P16,61,36fc0aab44c3a2915df2f0f33c630902691943e65fd3203c65d425f5548ae941
P16,62,393467c4d94f4423ae4a027844116e9be3976ff9615ae6cde3361dc045d2be14
P16,63,428cd20c40216f6ace70e4e92425429c09ea808943103d58c5789f29e34defbb
P16,64,2e716a9da533a0292575d7d2b59bbb2f179854c1806ea54bbf83dd3b6b21751a
P16,65,793e904ef7fccf41e9308e62a6a64159ab1f62b7958bb981839b7528d9499417
P16,66,3842688bae441fc0d18a571e43a1f6f76e20386400b256d039eb475e2cd0e83c
P16,67,104b61ea1e069c4b32a901202a8dc7723c87d466666a64a681ee56c22db15164
P16,68,546ec8872bebfc730980595116bf517327b6b9d564ddb64c3a36f632f5c0a446
P16,69,b10f73023b09e282fe3efc30257a35cc0e231ae66ebe798d7d02e43da9e7c73b
P16,70,ed92be8af599bcd2433691f580a927647b3624917bde2f677cb50b6964c5e21a
P16,71,c75ee8584d896fdbd4b84bc0799d7ee280c99c5a24d55928669068ae4eef2ba4
P16,72,268e0eb7a4620cee8b3f2e22a7a7f8ec0630e0a8323b8285154159e9e5ef465f
P16,73,02538e41a22ce6403781fc567de7b7386d467accb51d2c1130a42da0fbaa379b
P16,74,05be0a971caeb37bfbabf439b3f623c49281fb5e16f626bc04d958f4b7d145f0
P17,0,7f154b3536cc2e9a3b271a245813ab3a693a4b134d3b2dd67be433c70be3a730
P17,1,e6592eec50582967792a4666c32a0e08039fbb0dbe174e7ef0f9dd2a7e7af62f
P17,2,fd4cfbcf1f13295b95071299c328c91a8a4568e1582286318e83f2a64fd4ed06
P17,3,ee8382908f317a268cd19ce38bef91a32dffc62f71cbb8162c7b27e16a244810
P17,4,331ee124b10d50bbbeb21d60c06b00903313828e34367a7dcdf7c33e06f47d8b
P17,5,4b4eb5e4fcc189f524f3d7c49e95cc7ca0e3b2a1f454652ebb9dbcf31adc8ba7
P17,6,9e49e78fe083467cdc5f383e6feb5da09bcecd6833c9adc2787a493d3ad8a66a
P17,7,a6c1573715c9ef9ff4403d2bf244343c043f40372bffff19731cebd2828e604f
P17,8,06bcd387dc6089aafc553c1bad08f8f591feefea4d84289bc5707114cae149ce
P17,9,b04b3f8b73c8bdcb62a8af74c61f2177728253f5bf166f90279b7da554ff4687
P17,10,c64df6c20218f5383fdb70e4a7fc0584d1b9e6f6dcc4ea1f1ee995579b0ce34e
P17,11,d764f07f85973dc4f1eb770dea18daf6f8c96c16c390f58724e77fc7bc3571d3
P17,12,ba8484d2db7595995895c404e5edd889600ce30d05fba6916eba67fb7e47c053
P17,13,cd07e4b9e6cba2475c291950b49aaddf19c2fb025fc69cbe9f98a7ac182f5080
P17,14,8378a93561b988f3815e53953b7b8018011dfa355932559bfdb1f66ac9a27baf
P17,15,ad48f95dcdb43d9e39ff28028a320e216ba15e559b99e57d9c1d7dd2aa89c969
P17,16,7abd0c7e3d1604e0b68a8f4040a829f8d73ee86eb944eb6b89f79309f11378c8
P17,17,6777a78b1ba1f433ef32dc2a0b1fb1c7e26a94ad3d7c9f228ce5c6eac88f452a
P17,18,fda70fa958cd9157faba3f167cd1243cd68cfa6400946573b7a1a0abc7e60bda
P17,19,2e54234280c3d9d1923134a439c145eedfc2b1de21a5fdce7e7c7afb54f0a7a9
P17,20,90765e706d51282346f4b4985c16836573bfd13f43d13d34d515f7da4d72e238
P17,21,fd41329bfda466853b391f4cbecc28a449645698f664bc1a4efa1fa1ee030362
P17,22,8939c8b8cf99927ce6f1a3228ae69e9cc3484d905e30d0f4ae4742d70297b9f4
P17,23,dc12edc1b4ee7dfb5a9f3ea7e0c9d67a43a0e5eac8ab84717b2dd4c6c3c1f94b
P17,24,e83abf0d085c921816b47be5fc4f5f76e3f262a36bcd37000f774842b181164b
P17,25,bbf87a3e407b9335c4ff04b6b1d03441c685c3b4f571b0719d4194dca657b3b9
P17,26,30365f84f58f336cef4601f9ab8ad68d6069503a2c3026a436581af36cf2a941
P17,27,1fac1566e99eb42017437596d29998bbe417a4b4f7af3b0d3f336cbfe3d43dbc
P17,28,0d9ef200eccc443273c2fc971b2898db799cadefc5ec2c9b7bcab3e71b8c1a09
P17,29,a3eaf6111d46f97ffd95bf6d67e32f1ce9b5d2750893d239753f920af051ca53
P17,30,766f5989aeb43f60225be4d8783eac21ebf14a2b0032948ab3a002042168cb58
P17,31,8a4913f51fd44f50f033454da39bb26ccd9b041ef84fd9a772ee00bf2befcb57
P17,32,890f61ab65c5a5b276abcb214594915eba357b56a67f8cd694b5b7cea889c482
P17,33,4eaea2e03af292f3d86f3b516a662eae8dab5c945d216211e08e73d6f07f6606
P17,34,850a609fe23beb431ab01b90eaa4959198d96092f4833a8125c6fb1786870171
P17,35,43b85fec50a60c589d8ff694b6aa9dbe41755dac7666041a2f5a91e4550d7683
P17,36,9808b0eb25292babd869cbe0dcdd0bd3f3ccc7e3f11c916f57deb752ed8c4e61
P17,37,2352d2460c14f615fe120535732c78c8de9f2163a94350e57bebbdd13f4a4f64
P17,38,99cd3f69dfe29333ffdcaed88a47ef70fe0206be5ee4996d3d0cbf9012c05a72
P17,39,1ea1fa5b8b0eca937962610f89fb0b2c517a649bcaf9073473855649e744e30c
P17,40,2636322eda66890e8957ce2835a5a236fec5a6023bef9bdd29e7ff36d861efa9
P17,41,d0b567daf5138bb57ef0390f5fc013179a1ecce45372624ec03d97a2552bc878
P17,42,69cac2fe6feb118d6c66e89ea14521a64121b35e3e250686b3e4a90d5ed0b638
P17,43,1f098576a64ce3359b2a76bff06778cc693a6590442d8694858137377db5aed1
P17,44,482bbed6e9e4aa4bbfa71285c90b3967c82273e29b2270c60168be34b6fca29d
P17,45,20729c56bd3bec177ac397c97524ba819a3fb8111458faff076c8c7c459719b0
P17,46,a5cdbea416fc745c8f93f4c3c1b42363a6f3738acd7c5b1cc9681fd72ce1f975
P17,47,98621e1fbd98b60349501d9b16b1e1e66fa73707e49f7e036081e86c3d3c74f0
P17,48,009ca65ef53b15eda36b9ba3c373f52019234576db15426fb12306533778347e
P17,49,1edb06bca980d002e64f3646a96e6e324cb8893269e9cc40287241546189f333
P17,50,9353aed56f82875c0b88cfd13f06d65bd6f88a52f5bff12d69490f095ca2be60
P17,51,38365489739e3a1aefb121578909adffbec27c634a9249aceb2c9724dc5ba4a6
P17,52,67075972edec61a74499be2ded971dd6240cc2c85e46d209606c904ff2cb483b
P17,53,c0147130ac182bab918db01296b7ad910acdc7abca4d22e349d55349f3be8be0
P17,54,bd25586ede1493a680405ecc3484bb8a10daaa4207278d265a14cceb94ec7114
P17,55,d08564d9423aa242362270f5b7675f645d31dbddf48eec0e2284eedc5e24f38f
P17,56,7c3b5ac4b51ed0362d6e9e5b6289c6e6883fa55835049e05a190e12387895b8e
P17,57,fe8c74d74d577c024c13b1decaba99a5cc110bf6902c78c018d00541f4c8ea6a
P17,58,2f676a80cb1ddb4acd0b01cae5e87db7e49caf9bd28e29f3f5309df894a61950
P17,59,eda91667ff94ed58425b8ead1a3a80031bd9865ecc90d5da6792ce984bee932e
P17,60,ee0e2e5fe03810042d3f7091cf0f1f4f477af9a615fcdca5952d9b9723c0562a
P17,61,464b66413393211803ff722458a0defa7ef5c04137b49c251207983fbe29f5cc
P17,62,304cba3b9381fa7ad13ede83644ab5b363bc88b6e3d60b47b76cc8ab21c90e7b
P17,63,dabf754295bbf58a39f1d1fb50709a7a5baeebdfb4caba37f9814df13ebc76e8
P17,64,170498744f90c1c8cc03f5df1e6c0dd5c7d46da467ee63a976463e05d983b6e6
P17,65,6b651594966a3d26ddeb6e4960f776798b69fc856e6d23e1de4ad7df199ea3a2
P17,66,111139ebbf0af6f9e828d73e693a418875bdc3aad2661f4d5de98fc515345a3e
P17,67,2f930561d1587037cc2fcf24c17749aad63c8f6c1f8de82d46a6fb96745d652b
P17,68,93f5628ddc6abafcd39c53e20efb579073dee974d4e243aa78f9c9051d80fc67
P17,69,fc6179ec336f5fe41efa702bee0b4c0323bda6a14eb381ee92e98ebebe39b286
P17,70,5fdc9045edc5d7f97365bf76f251da0f8957f5662ea60e4d86055bc6d8cacc3f
P17,71,df6197844b479eed90b1b325a27f002cbf7bccda36d129ea5508c98ad7baebc3
P17,72,ba765b8e3be43c9afe039823c555542c457ef55d6c6a4f87daab9cdfd39f6a62
P17,73,81dcf28caa7e69f40d56a57b8b4d1d07620b98abe1c27143c27b583179debe71
P17,74,0dc5a6d44f39c3442e751259af630065930960c988511ae73062da3ab23d3779
P18,0,e98583564476ab9c013d45c667b7087f192481fbebc07d11c93af5b581691b8f
P18,1,69db3bdd7cd4fd27855643dc802aa77555a1ac403f80607f021ce38f2015fddb
P18,2,035c78adbda5709b831aadbbca7375803336a621ef7eae0cea30976f1bd6f7c8
P18,3,8946059e5250eb95943cf5e847b4345bca62beca42d54eb94f7c35b08510980f
P18,4,c507be5daa827e91a47a008b8ff0fa8425a715d7c3b88d659f8ac31ed611191f
P18,5,e778d5ff163df3f08b1a3aa7939015c1d202901fdd1caa4e5196a13070e38643
P18,6,52ef52ffd0cbcea7d0e7081034821ce44fd9af47a4eeaf97e675a0be4fee8742
P18,7,42005cc252a1b90883f098416168211708c05f54654ff46e5f9f80ae684c41dd
P18,8,ee19b125f9482b671f0d9a7ea3dc571a4945d80ce54934c0c2f8f4efce22c60c
P18,9,2af817e8c72a2a47fbaf346e24feb7ca159810a1d1d9c8eb3fa249aa614a0dea
P18,10,642bd7432f20d9950e22b61e3899086becadd9bbff58849ead4fb54147193574
P18,11,6b19e2af1644a132925b260e4bec4a94dfacf2720219440b116dedf9780ffb3b
P18,12,4ffb791e80257a419145a808388691c2a8e10c567ae64b03f3ceee404ba41c61
P18,13,bb861aed373754afe29ecd159b9a71c3496e3f3cafb8735390152156894b1ac5
P18,14,74500be0f70cbfcef8747e70c65dfc3886e55cbbb7b49b3cd53522cc159eae50
P18,15,ed896c5ba768bfdee94429148a9d41c57e8e80a8dfb85863b2d1341c1f317752
P18,16,26911b3a19bbda33d78e8203f2eeba4176667be751a72108b50f0beb6c56ebc9
P18,17,0b5c009573f5601ab31773b2813ce24f4db66d890309465d56ec3674c5c57a9b
P18,18,a99e1b206dd331c6541f3daeacf7ab84019463aa0e4fb61da59acf62ce2debc9
P18,19,6325ffc63aac1782b4e949d1dec6b286551eb496d9adb8829b9c830fba020860
P18,20,810ae9bc3ac1e0b14793df75096e65f55b5056f3365b0d502158d16e3e7e876e
P18,21,0eef43e1951d38c14e47cb9dd0f298d7945bff5d4081fc08b682b22d0d876520
P18,22,548dcfd01ddbfc8f225e1ebf8e5c4b75be8c919b53104c912121493cdd3a7630
P18,23,ea2481b8cab35857201807d87793a258912db9411d6859f1b251507478efa534
P18,24,981fe7cfed0f259a0c63e4ea2c9ab994458f3257f4f43eb32fcad5a37b50b3bc
P18,25,bab4d831785bba42ea80abf7bfff9dc2be5a8bbf80878f79ae57fb6b1f54ba9c
P18,26,e294d5604ebc0c5e7aea88b1617ff41f990990c066648334d9e73205a2d83570
P18,27,5c3319d19a801682de7c3ede639901fde03e2f8885e79e71ef76399110d26084
P18,28,3f8afbf901ee92179dc2ba1ebf98cfe9b08fda1f925b6958af60772bb18b6ba1
P18,29,7d2536e97664978a9adb97d2a43d72e620af2a8761503e11b3c59af4179ad0db
P18,30,c231af52d6bf0e140de3159ebcee356209ef0d26db02509a5e73550804ab385a
P18,31,e9e985161a833b6aaba882b8b91242c2779eb9f37d44f02b3d5fe21ad5556190
P18,32,3c923ca241f101e6f208c416e6f57bc08655220907ab2f4f2f8ab8649831a87c
P18,33,518be26b1031eeff033159cf7cc1de37c2cb1f408063ca8398d645dbba066465
P18,34,52947e57cb556c17532b06b7ee3a52bd531c31dfcc672b6eeea2249536d881fe
P18,35,7d604757151fd66716a0b85fb9e8c38b311a594a47dd6432f30a5de4d1b8418b
P18,36,8d6982b75b358dbe78fe1ee120206411113afee1e1e516fa327d96417ccd9f4c
P18,37,3c184b310d845cb489d5aa00809bd7a56e826f5f216591de959446b359205f3c
P18,38,d1bbd8b6dbfc617962645f11c1388bddb8b444aa5a5283d40d88ef8962c204a9
P18,39,6048aa9f071aa0813ee81f287d6e0e0107c0562d06f1c80558c41d17d38b3cef
P18,40,dc0d919f072d1a37abb72cd778ed05f9019ce701034660bfb79a874492c25627
P18,41,030527ec2245a17f4b82727fb262044154c0ce34720a952b7c3cf6fdf6d9b038
P18,42,e8e27a45be91fdd80090a3a4249658c65c51eb2a655f20300ee4774dd321cb95
P18,43,d837be7c031b2d2ece27438e93ba98c6c1ec86028c44edeca7af515f66bb16a0
P18,44,2df78d89fa6684061657ae7cc7ae5243530266d5f536d168efabd0aef79d12a2
P18,45,3bc901128ada9bccce1ce200aee127acc5cd66bda152333092ab558f28eec8d1
P18,46,bbd9665cc9ef76d5694ba39fb152be44769e280699c3aee5e3d948c045393ddf
P18,47,ac88073380145525a3529b5f77c8344cd621e14668e3799951dc22c1ff37411b
P18,48,c918b16d727cf5a3b417c9664be6ee68e06cab95d59ecdc277f05ddb8d3338f3
P18,49,d1e3036ca114e65f5f40da037ce7e5ef688f225a61fa95c0c6ff8bcd96ecdfb0
P18,50,33363be159f05ebb9cf0259a2ce07e4c6b5108e059a8df19edde2e48e72e5f94
P18,51,50ffe0e1565d0400178b86565528cb945df4eaa9164a173eab97af9493e1a8d2
P18,52,b7a6648f1c912674dcd8bffb48711bfd4480e58438bd40e4a0ca56a49acc360c
P18,53,5404202b470eaca0eb8ffa9baa771427e41041a96d0f3e84c511beeb469ebb18
P18,54,d227e0a052fd5d668434d8b774a612502a1217420e5692bd652fa915931ff6a6
P18,55,1136f233a6d3886c51587ada9fe639b6aa63ba0209c1c1ed47b2000e3bc87057
P18,56,ec2965904dbd9d241ac1fe2ff07f5120f20a48b902a8198cdfdab1d17c88754a
P18,57,2ff2387cdd294547057fd96aec300c4e130dc59ae370a0103832140fbfc4aad6
P18,58,865a0fcd143c4f506e5b3b70b931e7980e847b75aa947180c01fba17ef0bc7db
P18,59,d0fc098f3ff2ce49deb4d9481eacc63b5568bc178e344755b93709e8159417d8
P18,60,58b38714e6e20f032abe2646ce6eecb5a8c45b6acabfd3ee19a2e3c8b34c71db
P18,61,e36c3953d99d7e191ea7d9a63438e588fa40856c4b2a4a519f3de665342b0c8e
P18,62,fe177ef678ae09d4d68eef0e267bb32cf459c427a3edf004028c60163dd322ba
P18,63,2adc46a93d026de7dcba8f89714889653524f36c28610b5ed2ed3f895fb78aca
P18,64,058713283c81c6265536b5a5087af52356fe6a020ea6246884d773666efa782f
P18,65,101d98907e84a447c2cde8820180a639b649e7e0d2a209919f47d0b83a30b299
P18,66,a20bf49ce7571bd4f5bda903154127dc349701290ed06f9cb8692d3b03205cb0
P18,67,990075490815da66936445d4c45daef85fca2c2ba54657ea2905ccfb1c47f7fa
P18,68,3ddaada2591bc43402655c83d107325e1d3f70c96cd5c3800318e7ea98446201
P18,69,8c67e6207f0a5cc1d7b53e9b00a2ee76881f1670196f490ab5e9afbe40302282
P18,70,f06cc7923601cf6a045fdf3ff30c446aea94e5df4479ccf07b6a722e0fcc66d3
P18,71,032f2593b4445ecfa6ce6d9a452df176f33a7e6ca04e44366c3f9b17f9d7462d
P18,72,d4f6284b499bb4bccda7872dc0b84f89d80e5386b1c54f6e8a3f64129d9d36f4
P18,73,e7ffe0d484dc5ba66b8bb71b825a97f462224448c62f146a0e80806ce5010a0a
P18,74,b6ec8d84b8939b428c869ec2fa0d46285e6112c0bd5b7b697c83955d91e38129
P19,0,7bbea585e66dafd9be2384305a0600b9ec0832f3f1d5e8833ea099329b4174f5
P19,1,a8e1217c21950ff37081d02d502607aa2bfbf7716aad75b17cb12072bbc7d9a1
P19,2,f5a2c6499a4cb77926e36aba08c3480e38bf5ae407f6869226cd6c5d0ef4dde6
P19,3,e0311c2806d4c7fb4620e5208c070d4ad171aeb4a9457a7be29619ab490c9268
P19,4,6e04b74c28833487644d0ee019fdd284e4e8290a91d8da74f6414e971fa613aa
P19,5,20ce3c2279d38293a1dbeefeaafdc1543dfd4d712cf6a6f7bdeb5e1739f8b496
P19,6,4e491e786f9d862a9712a74cd242b5e293b69dc92d6a7aa81cdc5a8ebfa9a005
P19,7,c21bd798fb7463ab8a64e02a0f464e2c08270f9966102972bba307805f2d3682
P19,8,d20a12b1a88f0abb459b03c5496ee0726adaaf37b9028ca18cd138d4f7cf1b81
P19,9,ed393c801b179879e4ef9525d4a1533f4ee4c514f73665623be154180f1cb606
P19,10,0a8b48acb12f2732b2489835f90713130908e680410313ea6cf04d7a833f0701
P19,11,3d875706239efa7da41a39cd81f4f64335eb102bef3581067a260d5ec0a5e442
P19,12,8b4694253f08260531c126cd0b39df35d46b0da7ddec3a0cc349a049e39a3c8b
P19,13,a266b0988ef1b4a4e2cfc7cab8536f44493b1464258ac7db1dcff572e1c5da4a
P19,14,6ee4ed464b87eb90ea81ff999bbb0d495caf090e7dc409dddbe297c8d4f3887b
P19,15,dfbb36f710bb8d94a75611d6309d6962f250df7025b6c698850b9809219d1040
P19,16,6088d1e2415959aef875284e8c5679b738e9f5d2c41f2e821e52076f4bd5b71c
P19,17,e9e43587264a60a44764cd968ddc44ff73bd597c633d135e49319a289877290b
P19,18,a0f904f59fa208b7ab519dfc551b5c2d0428c482e11c0fabe99c902eb6738782
P19,19,31f3200af75d70cff519ec31fdfbd0e841d2e518f53949e835661137cebbdfa8
P19,20,bc234ae7f6ce5c702aacbce92d1cb934e20d0fa27f5715ade94771ea0a165fd5
P19,21,043cb8da2654137ec0e302d92709055edc1d0cb8a45c0e4f3ec99b896fa2c4a1
P19,22,6be096e16e92aa7719573d956b67dc6732cce3d323e46bd96179d3d921a70792
P19,23,eccff89d1cc79451284938748386100f9f45d77d9e114db0a3dc5c3b127f4adb
P19,24,7c3634238a0a8137a817c3102491abc26f54450a8fc394796567dc84efb94ec8
P19,25,7ef3c9ffdea48f2424c61e994cfe628e4b62c5ec849b80a53d74e25875afaf69
P19,26,7906295303d2f86051b41900335bebcc66edf9e25be44c893694ce20c47fc3bb
P19,27,5db4995d19369bf813da1a93d6dc0c4496bdc34fb0729464fb09b2719a0bb62f
P19,28,99b4e6937464f27861dd9fa69d38c009790e70be5a719475f14b8aa300e65e6f
P19,29,728be673cdff49f3b548e340b4106d5bc5cc441590d3dbab910b01dbff45ecb0
P19,30,db886a78c162a55f823efc72f1b24fbe04082d77af55a6760eace32b30411b04
P19,31,3ebeef0f9109cee72336e89cdf868434b1233539371c221729421766dc89c5b8
P19,32,662335aca0b5763db8c37b5989afacf02e582a73bde8b99e2102495e3478d0d9
P19,33,c96efaf060cdd0b23fc39021bb65bb242c1474cd6a078fa87d815634bbe4ac55
P19,34,50c69534dda7de9dc7d51c8ab90bc0664761b8115a3f0440def7a8fcb32f4651
P19,35,a6bdb0997621b8304d554b05e36504107ce69f941dca092e42c49892d807a9c4
P19,36,d02f12f8b8e2a3676e9a893f74fdf913c7db24463bad7a10495a8058faecbc31
P19,37,699b7c171b0281f8c996d952461d81895614912edd3b44f4676a1c3f375a842c
P19,38,6cec1c31aed43f933741d1be22f2f12452215ffc82db454c7c6d092ed9eb5357
P19,39,ac20d45d9107924a2edacb16ceab3c1bcb966bf10e6343baecf47f5ce60fa174
P19,40,7d77c7663c2b4ac672cef06432b24e74c6fb07048c7b18de6d04378f25c1772b
P19,41,95b1a5920f6a44eb395fbbd5a0b8962d2451aba8fd3a4e72a5aa57589cd1c411
P19,42,998ddd0127ca75503ffe789159214bafd5ef7a7e5ae978aeb8c89c6e573eabfd
P19,43,1f410aa42064b785f19c2f963ad7c5fd863737cd6249f27882cfdb95ab5c7af2
P19,44,e708fd1dfdb18310e6342094b9d359b63feb87b37d19e8ffb6b84c950b2fc07e
P19,45,661193d5ffcac719eecf02982344cce077b900e55e37ac7dcc926143535615b4
P19,46,ae226d48bc63c56275e3f97eb12b0a1939cd562e114ddad36ab2ff014097157c
P19,47,7513fa203db0a0b5ef2d29fae3a25cf52d4978acaa163b7ad6246e9b01abc209
P19,48,ff4d7cb9ecbda1b384a0b2acb0d6a2f7870fec5e3939c3f90d530bc5bcb1f7ec
P19,49,fe4bb9401859505c22464e37d20d131be6366329f9d9d643d50a63d00d5456bd
P19,50,ffb999369584cbbb1b62b08ae51e07155739593177acaa3ab2c1204be5d732a1
P19,51,14e9d89d96687e05af36159d720779135927237159692268b17cf7829a4d743e
P19,52,e650f14fcad70e8745bcf53ec5b4e6e092e58cd9dc3e50f966fd5dff6dc91b49
P19,53,5a305dcf5e2a940014fdc792a6880451258ec927c85d9e4e2ffd3aa15c3491c2
P19,54,993291d29f1e611f442c47df05da5386c0397bf04356c91909632e1d5b85d75f
P19,55,c58022c0c320561a7b760ebe731d41951d2bc1dc7e0b76400e9db215f2367467
P19,56,38eed5f4b051c56f5845e80690b5f71b2f1d54f12b10962403b9fded5fd45b29
P19,57,53d0ca4c1ce54628a2869ed9e6032f0181764402a93fcafa1e4af5a0c7d7ec8b
P19,58,732755fb95565a919a9d0606d7352228fc710eea87475e99f3e70d99ccc29637
P19,59,88a27a302263796aaaac58739f780b7c7c9048510f29f584b1d7bd57c6599736
P19,60,b8376556b3315103d2b528e91537591b728f9d73654bd485eefe2b80275eeb5a
P19,61,83007713c2a4c267576b81f0f8bc49a6621055d8688c3f5b70c9efe000ef0a0a
P19,62,e07f90a9af15b98e1dbea203c6f4490b40072601438f6229dbc7bcc53fd9380b
P19,63,87a68bc4194ee7d39c7996fccf8b78381a853e840193dc4a9d28875245ad147b
P19,64,7680d6633d93e762eef6a5e842ee9fdb6556741cf46b140e3d0684427927ef59
P19,65,0d605cd003fd02bfbe6bc458825475464cddf0ebcf660d1c288a2cfca0cdf574
P19,66,e453cdf52c7a83e91150ef3503ee13b000d091b47f14de092603c6cf66447d2a
P19,67,32e653334dee76f79b379f0ec09812e4a1c851ec7d8c3a0147f78ad9d1ab09c9
P19,68,07d34fbb4881f860b2c6aa88dea277ac968db193a4368be8889dc791a67fff53
P19,69,9f5b50554f50bfc9e17156fdcc65b5281a113ea8f47cfb48f9ae6c2789e4c596
P19,70,481f389d7657598bd90670f9277f6d38dc4dfa7748f987f332ab559a849642e9
P19,71,85bea0985b0d668c446756831e2868154a2b952be242edc4ed45a39957af9599
P19,72,841c83cc92f7bf0694a8beea1da61de44bea8df49df1021afd7f6235ae31ebf6
P19,73,0a1263fe85ca1a2ec615a947e359833a4d846baf362152e8f453f443317d1e65
P19,74,018529ad73880e2df87b34116c4887bb2c513b96f7315c772ec0446292fae071
P20,0,a2e9887d6d606832f61f138ae37dccf3fa66c6ef801eb7edd5aa96455a84b889
P20,1,2ff74349ea7e48df53f3912831adf7446ed8f95ae85e9f64cbebb1cb4b5821a4
P20,2,3fcbf35603016bf1463ddf498d5221a0915b7e4131917b9764e58828bf809315
P20,3,3f9e13a153afb68802da8391cad716967ecb92f2ca11b98c4ceb5a48ae3766c8
P20,4,b20c09940182b6e5b5eacbeda884d2f919373a47996e08238b7fc536b6b888d9
P20,5,0f384eacf289f980609c035e1bcec744ccb7b9b43766afad390ebd967a348879
P20,6,36839c89167d98dbda93c05595570be3989868775d982735b4b169a285b17a54
P20,7,28f8839c0254cd4c2ef0d44217de8491db58b8e7e1e69835822aabc7e4d9371b
P20,8,ff630379e7cacadaebdf540bd110f9653a33b1a9bdf320611202948fe303f13a
P20,9,dc0b5f736e95da1b3725519694fa3a66bce473fb383bb6ecf4313b82c3848463
P20,10,ef4597d673b0403004148d7c5ccba5bf03893e0994c38ae006af9972b2912aba
P20,11,d1d276972a99d210316c837f21e5ed223cd5fd1fb411a64c1839099daf19497f
P20,12,c9a7659be01c0ff30403cef701a4de80462d5e4b8eb9ccae5ad24d7dc34f3ecf
P20,13,b6feed5843b83daaf17e046eda9ae8c95eca67aaa80470f4b5d3b3b280ed92f7
P20,14,4f1799ef4c3a42faea26f4e7cecf7f11b5a85fa7fe78b0d67bd13fdb2a64c42f
P20,15,9c75a53d25d7a403cd7b57a98b3bdecc9a73c17801da78622ab07734d7af7fdc
P20,16,80107bdf7aec09f47f025fe9b4c5bdbad9e708157bfad11e64228c0698961874
P20,17,a7d2d381f36327f3f0d3bef914fe22aa6387d8d99539758e69d54220e20005fd
P20,18,1b3b1580cbdabd3c907f5ca4d703a6c9e961ea7f421d1f5c010deb9da005b0b5
P20,19,0af9d1af1ae7baf1745ac8f5441cb819c6c3b6a14c9e0585a5b03b0365447e2d
P20,20,a02a5e72eab6ead471cdcbeff769d46765c52a673b5eaffea125855e69d4d17d
P20,21,535c3be03c1b861591cfe9df26179600f46aeb0c2bc7899957200247a0fc3c0d
P20,22,298758904bff910ef74f3e055e8eaea2bf7d427fc4d22b1b1ac43aba8295deb9
P20,23,1b1f96dd643fdac0a88bf854516bdac382b86f290b4e237d7b9761d33fcb4eb8
P20,24,f6bcf7f10fdddc42c2d4289838c54fc5f331dece5ae11863dfa65a6cf5ce2b10
P20,25,0670df49152b0972b766e2eaf011042d858162b2d69aff18b90523ae7fcf2d60
P20,26,e1675d408ee6484b199cb5b1cfed5079646ae22f2edee713bf9fc41f0d02d630
P20,27,9255fbb398f53063536de67b83fd95fe403830dc1945560fddc8225db6456ed4
P20,28,16557d7c039a69cbfe823eaac9e91b2ced9a2385cefcfed57f65b28fd51708f8
P20,29,9a152053dfa93ca5d0afc48c3ff1569cc7783040e48decdcdec18b1626a490a2
P20,30,c799b61eb5500381c8ae433c62c82a392456f0405fc798efe587a7a58bdf3c03
P20,31,c9b8ea425565bffd25880d2e5717931e62beba72be574d57eff6b6d201858254
P20,32,7e2500fe414906698edf2579274cdd87f1d0c24a172d8013bc9245c248667df8
P20,33,ac38b35d3c85439d88ba30e542b1587d2c7b4d12d30b5cbcee0f194082afbc84
P20,34,8553a6613dd8088e3fbf6330bc19a1bca5aaa5f1f2df193122a1476ea0e0b843
P20,35,3854cbbdfcfb3a084ef7390ff8691ad9252805d12d5111f704ef1b321406a785
P20,36,16f7b2a43cbaacb7432b9b87f10cbeacfe54027da69de5c562a7fe67a069d6ae
P20,37,12d11a1d957b1a2fd6c76ad74c0e28c9bf9dccfb62e2604285649e81ba3f56ca
P20,38,1daa0d152d28081707262a62d004b7de0039b7cda8bcbf789f5ae03df5e65d19
P20,39,a25164b676c9867a4660cb633fadf241bfc5a9a7a5bf7517977e99d1ef223f76
P20,40,6dd7d28edb08daa5b58e3f468fa45103c6f099b8228d1a4540f1557c07eccaf9
P20,41,1cef389075bf2a2f3cee404b94fe46076bc471e933536e3a1cb8e8027248f27a
P20,42,f90540cbb741166883ae0036b05ff6a261de5944cfdff2a5880471208b6a007b
P20,43,ebd85e9cd9a41be81cfb213f1e7c129afbc6dfabe54230c17380f426a01e015a
P20,44,ce255e0907ce83deff5052e4c8e50505fd95590ff9d65e44508c0cbf860e85ea
P20,45,4c592851e6d08fb032daad4bdfd0de76532c51b9803ef83bca8293aaccdc412d
P20,46,c097415e282a850e2fa74d0d59f43b4d8f3fbe28baa6a99a2ef265c69be16c08
P20,47,c217faa5479ca2f40de95cb13996caacf1ad91423f2af0a2d4309f7c73bf374d
P20,48,174f8af1128f462af23cf46065ceeb708138c5ce4ed334b335388bc5d807a9b3
P20,49,2abbcc895924841481a626c2731b1f7f860e051907672dcc6c6f6897ec39c9f0
P20,50,6a33d122ebdc35c7ae7c59e802bb0adf2d3215f31b10534be7ffe3f6fba4d609
P20,51,bcb5a1bb64d378f3f245aa4489a8c69cba8a8a2111e1c01e8da191ce18d4bc5b
P20,52,2fe13431db612b313e9d3f4eaf785b6f4c6dceb5abcb2f0993ad92f844a42365
P20,53,b95ab15f90ad67f5dc063d726b64eec106de104f51579de38d6e6bcd08180fa8
P20,54,ba8224b2602a6fd14f33eb793454269959d467c85cf224a2a0172f6e719f60d4
P20,55,e960477e1e5f4d17dcfb0018be7cd3be93db8ebe6f6ca0066479805948614cae
P20,56,6fed10211dfb231a74404b152e8be33a35bab70f304e9fde39570d6006c79f1a
P20,57,c6c78247caf28c08b2592532b382c312b404c02814e781e8062584aea79bc2cc
P20,58,416b2b115581b1f87576c155433ed83becfefa171ea658b9992820618c420603
P20,59,fdf29cc32c843ac51feb4e0f0d9a8d3ae6678285338890887d0c9bdfaac6f5c1
P20,60,debc64df62168cccc882263d1ddcfe7e5561452902616c8a6945f53c52e00230
P20,61,d2b0ec03735a141eeb79d06a41d54ad0a640e87c299c61806728476332a5b1f8
P20,62,45881f1be1facfb49415f9832262612a2a286de3aa3ad0f9d183f8bc2acf17bb
P20,63,109189dc9e65bc9557f45b741360cfaa4031fdfc45a57d93df655d5e247337a3
P20,64,5d5d3598a34764adc85f57f18588c310f7abaffc48a57cd8c331fbf14bdbed69
P20,65,b958beb05edefe85fb971b004b2bf4b2d278e231357f032ee234be8c44f5d5f8
P20,66,df42554b2486811644fcb13f6760b70dd4e308ef2c7f0568a6f049aedaacc558
P20,67,8b17d5ca78d56f2b260453c9317a6fbd4beef282c608e163cf502cb73fdaca62
P20,68,c3ae42fc91304898322fc6c039ceccd2cdfa51a8c72b3456d95160ee3eb0becf
P20,69,04bb9ab53d2b24eab80fd9c74fd37de94cc11410d7fd0e400eb0d602fbc05a44
P20,70,d35e8570563593afc6a44494ee101ced47700bfdf085aa826cf410400b479dad
P20,71,1a95290eb8e77499128b68888a864c988aef901b7abdaadcb318b55a9a835d24
P20,72,f1d59905ab09a16bebf54c3cb329f20fedcdc9e6cc1578b67a9b25993f98d63a
P20,73,bcd1c7476ce362aaeb9898ff0d97ad3b5b74f3cf90b233d2c06685b902fa7bb9
P20,74,d52cba3c9e0056f097e2ca200ed16e46ad899ad206df11162d0e1132685b60fa
P21,0,63521d091b71a85e71c006ad79b744ceb30cddf7716407fcac7a54d261135021
P21,1,744964c2b974ef4ae9450149833fe9c6955a6d61edf560f3524379476592eee2
P21,2,145ee956364dc7c936021521cbff0a4f8fbd1d52387be357b774e637998f3ccc
P21,3,7938ca4c98968e954e6f1a5ebdbb2bfdd7969c45f61006107a07e6f9bb093c66
P21,4,f7cf9470c6b779370157828ac20b33c3ee474397f106d96e4384f1f8c4c67bcb
P21,5,65ae995b89b88c0e541dec7607b164f29ab29ad4fd83ef5f3e673e731c5c738c
P21,6,7257e81a1837bba685cb2f7850df748f8b7c489a6c4a5512e2f177c5e4adea51
P21,7,4840ad3f04ad052536bb5049bb48e379b2b9e6eabfd689c51274260dd31d8c18
P21,8,ed6d5a6f33e31eee064c27e7f289ebc9680a5647d6068814ccd479a28b3eb166
P21,9,46f5ba66c399fe34ba74a7269dc8e34c95e2ad5a61863c0eb937a717a154fe01
P21,10,6b2ff1d73c99ac4225e38bbb3be295b60a63171054158d23cae3c458ff1db1f9
P21,11,e811ae9beed096894e10484635d89de88afa02d2c682c330dead5ab727291120
P21,12,8f925ebed43c14839a3e8221f9273c8ed9aa16a9afc5af8dd8300f3cfbb4ca96
P21,13,4ee5e61c7e863bf6c498bebd06898ecda4429fd4fe75f152199e4e987ab89ba1
P21,14,f2a1c19068a14c8a71fcc4f5c834d40a02a77ccca5d47c0c8fb9bc46bb1dfa00
P21,15,0f5416e8881e4ef038547b1a69286a52e6d693a4c403d078523fc4d8f0803319
P21,16,367e2eba3a6959672cdc34ecadcb3bbb113e7ff10917c8647299bd18bc7813bf
P21,17,918dae0c8c039798c710d24c6b947fd5d2d233ea8920e821d31507a7a2b9d72a
P21,18,c2fd80cfbf7fec7d8676bf6490f9592f30f65ddfe57ef72ee9ac4c2c1c8f678a
P21,19,65db620bedca6406095e9f6f95e6663859999522bf76b42f98512d64f46c2762
P21,20,56d4472c31773957d14c67ff5720781c3098d4e0e3b0180cf55583f598adce22
P21,21,83f19c674ccad8d6af4d9e396fe286a4d146d044000a20950d6956f85ab07d30
P21,22,be6138384244ad940095fefbe8c00a9ec3b7b4b99f79af3d2fd06b8cb597a2da
P21,23,5c437796a4f5c6e6892ed228caec98e52d3ab598818ecf123edae83dddba0038
P21,24,cd718da57383d3273b70c199394ebb812f4228ab24d6ac273a03e8882e04832d
P21,25,e44e73c760c0d9b415f1001b0899603ace9e1f4fceb13ae450e34929e780f1d8
P21,26,cbe8d12db10d0ae90d3090eb40a29dce405563c69113ab6841c301ca01841f72
P21,27,718ff7603774102e5a9a09bfc915eff9a7b92b04c37d2e5fb69325b78b53d448
P21,28,e025ef88993a554c8e70fb3d0246b6c3d432d2779cb32f05debf1d8a269d5654
P21,29,2d8aedb7f1f93439df8d2be72fe050289d0947084f2e4bc98293b9bb2a71d71c
P21,30,535211722716c3509f0be432ef35e402b63867bcbf71ba3941f7b8e8fa558f2c
P21,31,0a44666bd81c5342e7840b955a828db4ce636eedcb46aa79da627f52fe4c4172
P21,32,047d00425b5dea72792e3b4df0bd912ef337f2e9ceab47729b8be0dcc2c86216
P21,33,552c5188d053ca53da61cbddf272f5d4036603fdceeb6a11927f53862074a9b1
P21,34,cc98f2c6a672dbae638318a801f734ff60da4377c1dda81466139f1662ede89a
P21,35,5d1182d958c0822b5be13787ae88fdb1c376ecfc01f10c6898d2a4a2db8f3e52
P21,36,c791027d92dc0d077a9983ae76429c7b4825977d2e3c347600828aa5846939c0
P21,37,fe0c30ca4c4a3cf45e0793facdf7a4a06698b8d8244f09c8a50dc6a5450c49e0
P21,38,e8a8a20f2e06413bd9009f2173e32654b15bdc858e515b3329e1e91e650c4364
P21,39,ddd56a84f7c021ecb2bcc931667f2877ce4e0440266d0d96b82f0372adc26a8a
P21,40,a53aee552e32331818a366f289a62b2abaee3c875f664308da59fc9d42bd2aad
P21,41,eb292b311ce71a0159e1949c9a5d2c59bddae900d92fb18a458240a044acc300
P21,42,99f3dba78a3022c9aa697a56668935d003ebf668056c8b4103a33966dcf07d6b
P21,43,96a3fdc9b92dc2d27e2b26e9a2bbf15bc6be42d37058ccd2f35fd4bc888332a5
P21,44,4f73789a9c1172f5a7aaf9ec2526b2e367eddc2df2a12e738d9d9cc70da2b29b
P21,45,c6bfb498570d36953ccfe58fc197220bdb1a64e6150c31949965a4619e37f129
P21,46,2571099c2295cc4affe8cf9034211dba90ff609210f0697ef22b8e6939324d93
P21,47,79eed59c0517f1401fe8302043994ab5ac242001011c304536095d0227024b28
P21,48,0546e74c7b4dddccc53f3df3edfa589b67c4493e11cdd239de3740f16d85e245
P21,49,a13f4891b22b85169422badec3765dac037e8a1f0e2763206ae73e40812eaf9e
P21,50,b2fe963a2989996c8e45f30d0f7caf702bd81bf29be33d233af8ac4991cf7de5
P21,51,b8cca0693e9ce6bd453a89b217f2a7690fd1073cc7a64e6602184508ff2d6b0d
P21,52,d1cd00d9f7149cd54a744bd22729f8acf1f90884685acbc9b874801b07f09a42
P21,53,57ff47eef46f1073802a6c9108a3b313f01e7c734d8c81897483682a28b91f30
P21,54,4290e176c667381bd8f8b5688b2f7685fc9d9e6a5cd603bc0b8193009db44baa
P21,55,634976b28d95362bf043d5fbfa1c8395e2730b839f8c5818b4ff3b82c722d3c2
P21,56,df47aa9456c81e2c2b210119afc843de30ab1a16bb8d6d7ed50e5f3ba5005f70
P21,57,2a96000423ad3ea58435ad2faaf0042b8a28bb6d51c5479ad879b2f27f99c4b9
P21,58,ffc9b57576ad79c85df662a6e9674b86513b7e30234e370876a0e92bd7ce8370
P21,59,6a2b1b0b73b9df80748eb2d815d8d05f605dc056932a71e5ee25cef5c8870238
P21,60,5d25910df4c6272be8afe261ccb3e5bbbbe19d293549835f9ef4c8f7a1d30164
P21,61,7c42ec89cd6e2a48a87292f0e6508d3f7bb6d89babd1c29fa06ef6a3f0322f5d
P21,62,b438ee15c5a5fbb494f85378730622611f10d0ccbb9c180efeabbf56e0f3a135
P21,63,a2556da05cc3c13a62d5ba8a78d4078811da1d972720dbc5e79d3359c739dd8f
P21,64,c8784ac4e132420b484a5a3b2320a5d5219b3fdc31c2533d6f7069bfe7e9ace4
P21,65,d39c4ecff84fccab9b46ea8c0bce49dd53cb52ec54b06e3806d41557febebb1c
P21,66,cbf875a7e3e3576f7459f4bde16741a39637fc8631a2bce6dab5089209e5b592
P21,67,2e9bdb4085cd5ad43972c9aebd5c47c42814df31079858447a0aefac2d517fb4
P21,68,56841ef42ea43abd076ecd83caa8acb25aa4702c4b1c4cfcfd1a98375fd1c0e5
P21,69,72a858891558927a1db9d2a78b0c409625bcb36316785b99488e3fed0495ba46
P21,70,9ae4cc1f6a64564494e2ac5ed6ef01c9d2274ca389ed75ae54de70566debe66b
P21,71,7490057f535ea675097ac053f6cc9cd16278ba681ea7d780d9b52cc88929175e
P21,72,c65b1bbc079f3c3bece1bb9f82df6f4dce036cea5081bc36501e84da170d21a1
P21,73,d5e70a87b7ca37c1be71c42affa3509950178e78f7368f9d9f46e67ea906d4f6
P21,74,b8aa29be9492b9ca18d658708024a8ff534dfcaf7c270a50ccd764dd792b3b43
P22,0,47054a0948f5504aa7ad1827f867bb6913fb7dad76d24267b1110debc116dc29
P22,1,429d1ac993fc180b6c63f46d5121f129daf73bc3c57190961b339749651ff8fb
P22,2,751dc70b4b2c2b5804ce14dbe0a17040d3987a4672e83943a0f4a96e86e10818
P22,3,56628133d475fb077cf3465f81697503cf873edc7e78746d449e6e7afc97f14d
P22,4,50cd51b699b87673788e75ec2aeeded0cfca049adb64fce86ad0248afb6d1cb6
P22,5,f09af4b0169ce24268ec4f9e510b56954dcbf5214dcd9170ca37702a366115c1
P22,6,5be0eb3e79c8a2913a9d305862a25dd159cba56459aafb2206918c65470779f0
P22,7,fb7c884f7db976089a872f37f67b15fa3512d112b77159581fb647d8adb6ba9f
P22,8,db95f306ef91d67e388c5d3f35f5150aa6941bd33df601a1381a0ef336c5c711
P22,9,f3ec0e9fe6a460f3a23617527f70b042ecff069ec8b91850fe10ded553c6575c
P22,10,944914e3d49405695544e3b850a4dc95ee71df85bc2a732af41f9bdc1c3ad7cc
P22,11,548caa76ce2e767e3bd4505e9c9bb6c337a889c3c34f95bb25c97463f667afb4
P22,12,514b67a87e26d762809a0c6ae9f4fec17893cf634cf4d62eb2221a205174c44c
P22,13,b1d8aeacd6e197e91990cc5336a50d105e802c88c619f0afe3b2b36b8e05e1a1
P22,14,eedd03aed1bcdd03e26dff5bbf30fd1311b7300eba3c0546ef509bda0cbdd650
P22,15,267a6c631f0132cd12cb77becc8a06b223842725f527dde8c6593a825293fe90
P22,16,f7e8cc26df3012f8cb175f899e2c99d0e696cfa91794bbd803cbcee50147b6cb
P22,17,16b140eb6935680af88915827059b1a1c770e5fa87265d986254b26e5b1f474c
P22,18,b5acca85709c746504cdfa173b4a8f8d5e56777bde208b21305fbb6d217c60b3
P22,19,86f4cebcb901c1923f837e2c933ee75d3a908915ba81467ed7810c6a743f936e
P22,20,cc3b4ef53ec48b644f16405464257c4c495383de83827f8f59b9b3f5b5ee2b94
P22,21,b3640ef7173c42b60651a07ab5777668ae412a0de2e99d32ee858f41d4034d41
P22,22,9f01516f92169ca55a5088ba799f8b65f8b5d8ce4af308f614fc69ab989ec428
P22,23,157f3046b65e12426b10804f7f56a62cffd1bc9bd89f384a19e1d421b9712da3
P22,24,2cf958944658c4a26313e154f85955515b7ba448648a87f531b72b3686a308cb
P22,25,9cb2bd07b23bee41a469dc159d2ed6bd389f5122c04a92400b54d7b4e0201c27
P22,26,b792dac171783db11f5e96529c21026af0016f3e1fa491f9a344c15cf7f0f5c4
P22,27,fc4da31070e01a77d490da6b48d32da61c378de0d9c79da5655240e515b7dc08
P22,28,2eb003f39cf95dcd4528178c325d7bcdd90a7893f87a0976871f6a5fe186f355
P22,29,644a61fdf7b637b7f7a36e3612e5e76f6ced652bf009490793cf853daa50f384
P22,30,6e76d091bbaf4b54f3dc01c386ab96497496f56a0aa920fbfb9388f1a3e20bf7
P22,31,697bab71f287dc7a16280e0500aab5356a18ae31f1c4e91453217c631845f399
P22,32,cd967c148d8f5fbfad6cf1da3e09f6caff9f97f7a32c4542821fd222235b2923
P22,33,88bb532efa485ab5ae34a0f46bc540718368823586b2afc473563c8ebd1a3e85
P22,34,b623db6ed82882f1d97ab11eddcf9fc8a5be97d31bb4db7c6d617e48a3944804
P22,35,ceb4026dd69697148c360c0383fc76558e57499af287c2621a4c6ac603e80ed4
P22,36,687b5d344b31434e7093947b9dd95a633e299ca12bef8441ce028d46bb40f1c2
P22,37,00b3c82507c7da2a26d5e5fc0343b432f64408ca6d441ec5a6a2118c7247a7b6
P22,38,f2e96db14df5e16f3d94aa7effef44d5632d9f239e7b51e972ee75a99426f643
P22,39,1ff9ae42e41e3d122a0a2dbc144e20a61b1a23c13ad228866a97041d2b8cd193
P22,40,de1a65ffc8505ccbfeb7f6c9a47b46a91553e6fe621bec1d911378b3a59cf0c7
P22,41,627d31ec71b5c0ec5af9ef21cac2dcd278c190e4a56e8bae24388607d87ff232
P22,42,a992be1db204bc6c86d9b48f270f15a735796b828a6e56492668df3ee8c924bb
P22,43,3a6aaddbd0491b393e063a8f03b8f793f93de9dd0ada14a45619b023875f9cad
P22,44,ce378231ecfe8ab07cc05ff4f9e42433fa5d3ed2098bad9b96234a24baead83a
P22,45,06bd2e6c20d5294fbd671f1d4195d170a675cae91e5373b31412bc3bc0d85653
P22,46,0aa2384b14f8d1f29be63807f62ddc3518cfe8f257ef05a805a331600b4db525
P22,47,0dff788fcd3646cc7180ab4c2fe12e1924a395f6ac8e86125164a8a2b8163857
P22,48,2e98e42e0336e77fef964d1fb921cd08c5b8fd382896c6d050516922ace50dd4
P22,49,7084990018dbcb46bfeafa041bf4140eef706979439f85b85eb82141bea6d51c
P22,50,e54a9ecbf3eec6e0ac343c8f73ef1c81d7091eff6f971b4582be3bb43e2aa6ed
P22,51,ab2d8a00918837dcbe0518a6c37a1917b7490002813249170531a717531e08da
P22,52,f87cd8ee22744e6a948c32dda50ddbb3673e358e1d91a01d0a718213d1a06773
P22,53,8746f7855040a90af5583b5f7180421f945f0938561d90f7c9e049b9c909fa68
P22,54,267da844d2bb413c459b96adee2b3a1b7b84450336bd492e67f23762a526fc28
P22,55,b46d78a7192fbad86bbd1e5ff6b9020dce6f9b359b9390d332ea2f81915bf445
P22,56,4979dfa1045d649fe41e47897b42f7a06b3e1e05e9b83a73e1e8b3341b18c8bd
P22,57,bdcbb9dbb0294b119457644af9316194b02ce479e2218e7205651e6efacb71c6
P22,58,b5f015899ccbc955f1e1845af9fca8182678421ca6dfc1868141da0a3ecba9e0
P22,59,7b706107de658264f0f82680fd420309372fe7398a73da7e741c0b976156241f
P22,60,54f2991af2c543bed359beec86b699a55e920e03e05873ae27a4ae97ddf35e14
P22,61,8060f899c93bae238ef9f656c2b7648cd224f9859463a8b0516660a541779271
P22,62,4d72a345b192061101b6cf27876b0e4ff039e61907bfe9e2d3c31ae67e9ac550
P22,63,a3187ba2eb6e6f9c6f63736f29a0e38e5cb20a02c8973c131417ba3c647473a8
P22,64,f3669ea1899e65e683c89657fa94cc697076b00df96b4cc52c2dbba82f8f9822
P22,65,25248651bd92005b6969a83f020a0ed4599cc2bed3e077892ed40bf820b1a96d
P22,66,4999d4b676a101d9c5c0c2794639c5a739cf3eaef3997bba2db987359ba0a107
P22,67,d2df58b2c3059eb7d0e03d1bea84f7dd3416728d70007389a88f1f76cd6c7630
P22,68,dbeaa623a9f0ee5ff506ebbdd6404eb7e92dc6ca26cd2632e1c857fecd02b46d
P22,69,806d71385f152915a525bc07041884670704c83cfd3a4f71db090090b4eae417
P22,70,56525e88e6d486fe13f0bcd86521a32c20e1eae7c4f3033bbd4f6185c941cc9a
P22,71,35690107b67901c55c7bf9ea160091d6bcff43500f91334562ce22036c1a7464
P22,72,ff4488cfd769789f50895565d22e6edde55c3eb0a78e224253bb0e72f93925c4
P22,73,0ebaf157ac10b250c1c49d93ec34dd89adc830dd56b1bcd8c569503523ba3442
P22,74,f241869cef0f7c23c9249d15ef931ac1addbca3074ffb977aeefa49a74b0f65e
P23,0,01c34ba289ce79d550c5b906246daeb7acaf66351fbdd30ff7a549764cb04e78
P23,1,7ae3c1f6e6daaa35b54d0ec09c62d5e1e554a3642c4b4353692c4d5a6be77d5c
P23,2,e1fe0fdc73e6bcc5803ce0aa152fc28fe58b894b32c982e416a7d3fc460c35b4
P23,3,1be191ba2c8026fdd3b3924fe85a77c417ae02ba60602167617fd697f6451b6a
P23,4,93c73f325ec1205974cf7c33ebc997fbbbe2347cab486c7ba05d0a5e04052ec0
P23,5,5efa7541408dbdd1d756d06f8db5c81153ab2891cf4cbdce7954532e097b67f0
P23,6,19aa583cc43471394cd1ede14ad1ebff35cbbf7052eff9b059926e286ee62345
P23,7,d37daa1f60c1343b40d82d6d79652f93e38926d3ba873ea53ac1071a20d98528
P23,8,bf57fe0355bb2eb91d947bcacbcdca7b579608b380db8312a1206143aeab27e4
P23,9,303a99deccc9f5fba8f57d91c7c274b546721ea2a6e346ca588abb24fa5e2d3f
P23,10,f8b1b4919c2d36adafe0cc8428d99dea925325b748dbe87e365c5b200c4603f4
P23,11,33259bb684246969c709912d870ab5d1ca793314598e44dc6b024faf291955b9
P23,12,7adef23c5f87bab79316cc138ee6b3e58fc3c5831a147f8589996d8c9a38989a
P23,13,27faa519fcbbafc8aa3559233692f02eb3fcc5b3274f9b452ef988279387eaf7
P23,14,4328831526674db479ce31855fc459d1fe1b644a3683ee2a7e5b2cb609aa0dc6
P23,15,8e1ab9ccc4095459bdc86aa2a8ab4ccd1d1ab6c3c1b8f17f734ffb8dd204ed03
P23,16,2a2cbf832fbb7eada1b699ba601742e95517af488e707f39efe80673bd6b0e28
P23,17,e538eacf78d465f520e1746cec0b5760ffc727b4c2fa85ece8cd1aafe7b0488a
P23,18,f9ffdcd69297de4a9cc6a493dccd177c2996db394c023bb1923e9a3986d0e238
P23,19,5d7a7f234e5f8c47758386628cb14c122b804b0511aa6eafbe5a14886050db55
P23,20,9df4a511dfa113ee660d5df40389572c31e395bc9a0015f651627ead1c65c32b
P23,21,129ebdd537df86822e25ec088e282a77dd33c3b43958ff166257653f36498a69
P23,22,91fae9652c92851a8a6d02cf4af3b583dfad95e3caa58466bfc63512e481ea9d
P23,23,8121ffa2a3e2a07a455fa3d51f5afa717e95db53e9a18fb404245c27ae017936
P23,24,97c5d0d3912b744129fee5eb30edccae7d00467a92b37461ee929bbb4a1e09e1
P23,25,e7da7d71c25fedc9269997a1ab80c6a7bbcd48ba9594f61010bc97a5fb2bb092
P23,26,b434cd3d5194aee98cbe334dcadf93d514b42f8a707d465ebc3a353944fbffc3
P23,27,6fb0b1cddde5ea9189bd025b4e76afa827f51663968e6495bae4eaf371be7ed4
P23,28,6863746d0891eef3f1d851488979d88a4226d6142fad2d37253d9ac638dcabdd
P23,29,39aac538aa0ed46f94633ccd8c52070eeb92072844f42b4bc44f6ae1b95fc72c
P23,30,a2a3904f2b35fa562419a25baf213c363bdc93ebacc2e5a7da467ab5275eb83f
P23,31,75078a4df17eb3e3ab4ad92f5a35b2087cb49765352cafb1d019aef784e3cf13
P23,32,a8c0de637761b8290da2b45fe97570adafd6ff6aac6396fc092f6c9433f8a57e
P23,33,f4076cbd17a3720f5c52133688634ba279de234139f6a544d41f3a75bbfdbcd3
P23,34,cdfa9e9ef78ee8e2727396612ac4bebbf0bf830931cfbb784f49a6d1c2f78067
P23,35,1a4940e4bfe0755c57f755a44ec01550e1e5bda5e62a0209b2e0012f145deec6
P23,36,b378e644c9be59a7cfed7f53a37cab15eff61105a458aecd1f9fb3db5d88755e
P23,37,89b34859df023f21cccfef326a12615db7094350cec7f2e766e0732e474900db
P23,38,0c39d9ab3a6b883c92bf474272cd34616bfbab3af0edba33982213399a3f1ed5
P23,39,91e453eccf803b583fc56d289c6764d4a4025a741996cdadb58c5dfa6bddc60a
P23,40,3168703ae12bcfca1b9434cabe3b447e56b034f88996f24675682cffc57d3ea5
P23,41,baae68d824034acbdb47a7fb57d7c0f2986ab2aa88f4ca72d41ce7b2686f7706
P23,42,704517c43f44ef27d8e3b15cf417b3566d39d3030ecc3c820eeb04ddb719f833
P23,43,bdc17fd0b5e922754a21c0a840e299becc18acbba019afdc1ee168b989d929d7
P23,44,db41ec8254b02c72b48c992384fc75e9c93e0b066070f0e03dc3e8b372b8350e
P23,45,38d66e4fb18a670fd5f66ec08770c46c59d72987f592535cd0d443b240180996
P23,46,554369347d144e96464a2ef05d5f7f039a234ae810349b79f373945815f1dd6d
P23,47,69571fa7e949edba290180644464cf119cf2cf46f3b489a2738729c17401ac20
P23,48,641734cdaafbb992f889fa67357a1abe0771e5bf4d307bf74dbd306223c28703
P23,49,fdfdb2e544df24a94adca1f9237a6c3cecf10e2a67cbb881b66bf67871fb88d5
P23,50,392e16ded2426b92daed108f55985d56e3854b476ef71d2b3f57750d7174cbfb
P23,51,d4aaacf10d6a7af103a7cc4b7212dcb307021d7cda6d2979f26ae0b43c23314a
P23,52,b921b5fcbab56e6599f38d5418ab92189bbe15c45c99f4b18d4735feccf894e7
P23,53,7eefa1e36ff18d9c690de2dc57191dba466ee0eacc185af52e1b7a9c4734795f
P23,54,f4c8ce6f60562053c75acf548994b75a478b033e76ef8184b8eb15b547346fb2
P23,55,28e8bb14088f3e92f71a0244585215c696141eb72b864ea7a9d631fc82e32211
P23,56,23d5f2dfa55ba1672487ef051cb5f2cc00aa51caebc3dbd0179d2663ea2bfbae
P23,57,7d579cebe9b861effc8061c12f7db6c52189734b5838414981397aec27598371
P23,58,d4f5edcfb4499d51ac9c6d873b570ffdf556a676d3fb91190780008b83a64cdf
P23,59,754d76bb8024052b6caa3b7bf0a32b335add22cde34f836387f6f5154fdc34ea
P23,60,340540c75772e3995b46816e27ef90e3f3e92b4f1514b94a6641a11876fe2b50
P23,61,1269ad3adab18f5e046699e7cfd1760108624256a95241630e99ec2c3ee4f219
P23,62,0c9e6bc4abe0373e7d7d795a8665b3ccb5038ad8094393f2d5db30109e067ae1
P23,63,ad40368c5397679d537a1774c2a41ccb218e28d69e17d8d3432fea0b2c24c0c1
P23,64,f7631d981d41aefca25a7a4eb9eaabe38f8e55d2fdb417d7240c8231863a2923
P23,65,be07dbc7d186c93681ab138b07a49175c9e173ed571ee2fe112daef2ce80110b
P23,66,e1c51f5c1e555215b9eef36bb92ce9e6fbbdb17b2dd34352a9db3ad70303cd2d
P23,67,8daa8449e7404d352ae0699ed4bd4bc0836aedab63d9915e29c16ac14e408154
P23,68,9a0ecdbd14c1d38a26d55391b3982b71d2a347e6c911e6bbe5ed099aca92d91d
P23,69,eccacb4803fd35322d3beae40269504f2d512eca7d6d0e23aa5d882a6e34d941
P23,70,17f461623af772a90d1642b625a61299ba19b2ee1538ba1dd044d9f2494d5cbe
P23,71,e06f41c421f09a179920020d54dc68140a022da5df0a5679f04f8c3d9b4f15b1
P23,72,e6b3057291fea0cbc16a8cade4ea916c825b01cde8bd439d8e8ae9b0a8d979f3
P23,73,5aaf32698736754f93219a47cb569265fc225bc428aaf799893bee31f07677b7
P23,74,d7ec33da6d677cb3237636fb13fc11a361487cd50158727174886883dd023870
P24,0,4dd0db6074529ab7e931c1a2235adb056e62c79f7e58da35a3f1a8cc6229e6f5
P24,1,96a937b0471e45f299f9e389f65a0f90db193344faa5db1a4d92e5253fa6bf39
P24,2,41b38f0b13efa29ba25f9e5ef28af5ca677fbfd63ca694cfe495de9057084f13
P24,3,41c512e3f05dc5dbd84a4d4811a4ed6fdf50c11eeea67d6c9592e8dfb4224f73
P24,4,bfc59b379afdeaeb887915a2a63842dad963deb349993ac596cc1daac5361cdd
P24,5,ea9016d067744259f8745c583d2f344964938317a1ca160a6fbabbed80b21084
P24,6,ee33fa77c39cd6d327f565b6c8b150a9edd1d850530b5f010203b75a66f7f274
P24,7,3fcf772437b8939b0fc42178e41578585aeb97f1a24baf26884d86f0308ded9b
P24,8,a7a8a4506c8e70df55e664c0fc2728dd963106fc9ad16cdacb59fe9dc46501ed
P24,9,c8749ad3033aa531dc7a5b1dfc0358cc79dd043e18e63e074ccb7e2eae114004
P24,10,442147ee21775b5be9e4003098c78627bd1046c25740567733aadbdfe5776914
P24,11,c5c6583859473cf7f9015f3669aa284c02cd13b286fa4edd85933900eccbe0b8
P24,12,26ed7b19d3b684a4672fcd7ef976333e6ab2c9af93accd45bdd13120a35f09cc
P24,13,5dc35df674b9ce0647efe5a594b000a6d2064db3bd9834ac75fc57797ca219fa
P24,14,3a11fe0014de0379783c8405a32574d2299898f438eb493e16dc9d8d3006e926
P24,15,65bed08a59f9fdffd94fef09b4926b9756ab633f9de15a4d5dfe1b880a761d01
P24,16,a6035170d73f3a584440d33b972f25b9a6b69a4641e0b323a0a15d23c8f9778a
P24,17,480ceda830e399bab586cd865d5552638001ac9bf0a7bf95fc6db6378c53af6b
P24,18,65242c21d4a92be8d40ef6206264b12f6c39f6313faada513be05d8e4b89cc9f
P24,19,ae6490ef22f714dbd40d0efa2f68d5e4205723edfdddf1847355dbba5efbe078
P24,20,917f9aea11892063a2c715030a29c10cd00b242ab85bb73add99efd9216b8a5a
P24,21,89bce556532f333df702bd5d04a4e59eb6ab00314476f2a274e1d38957c85ef3
P24,22,a1a7afd1040981abfd718a1b05853638f9504101c125901c97e0676d70ebd58e
P24,23,bcdd3334fa36d48eef97c18b35986bd6cbcd8211fc9287c17cfa33ea4f9d30de
P24,24,8546896294e9f2f6c32fc00ce7f843ed057fd44652113b7dd3a3e3e030644b4e
P24,25,01be519a47d860b86fc5f4d4c6bf6ff0a8f018b110eb1040bf89c125b00f966c
P24,26,03ab78942b92d670c80ba358bb5aefb8a0a0b4d66a4b877c99ec437e5b9626ef
P24,27,c306150c4f4d571fdedc2916d6321d95ec896785653c7d0ff7c32da4aa7b1a4c
P24,28,2397908432afd22a309cefd5f1a03e036f9d8f16b91829cbb24993949fb1f3fc
P24,29,5d35b13dea720b3c8720a7f97796eb08e584313ef5add95d19f3d6e56cd1f723
P24,30,d7466dd6e47915a6d83f6533c866e0f09351a3d326b7c60c0f56d457e6f1c320
P24,31,e1013f44df19305a512b58f202a1b5efc3805b7da7cedd2faf5607311106da9f
P24,32,dd911a96600ec10a0d4c45e8044abab66d41351e08e64c701128b10aa75e3c14
P24,33,b023a27a8b4e9c9fb04e051f0688cbe90a05f5c27638e3431aaa5d1b42049c01
P24,34,61395006cd770e46dd064701cc213a11c06b2a345fa0b6b1735b9980bc53b4c6
P24,35,6e11f87062e6fcc12f08ce6968f35dbc1b6d821e342dbd05bee6a05081eb04c6
P24,36,0af2b269cd7517920e01e9c0d378cd073f53c0d2244f09abd0b6bf1fc53bd7ab
P24,37,a815e219bb7e91e0c19f92579b3c2203aa8e33dad2d94faeda05ec45c9453990
P24,38,1d1ce9156d870ff60791d09e891cd4d49a702554fd4fe26c46d6347af1cd6ad2
P24,39,2f5804f8b38ccefa916adc751f0e28f69a83f9ddcf4bf3670b41c2e7617fde71
P24,40,c43e046ac024e9aef00d7cb493ae70aaf4a1445612dedbe4d52f875628b2d3d4
P24,41,356ae1f798412fc3fb7051ef1b65b4662af1a85479b2dec8ed26199a2d30d7c4
P24,42,49729c3e7bca4e60a1604e4df7701e681307d9bc50e1de5cecd2087fda15d66a
P24,43,5e85b9d7222f4fd6c610ee2037ca18b4314a02ab645c3ec75f977c2e645d1c0a
P24,44,a781a3647e659c0530473cf4ff616cf50899224dcae617b8121325b466ed1147
P24,45,568ad5ef5398f348b92b3f301596098869d5db69bb203ed9b1fb98d480b7f708
P24,46,4a38c374083d578636de8c0660867bbe86764deda7f61c104ded1d7e319965b8
P24,47,6066618e2d61e4b5465649fe10fe7e5143f844988553d812a7407ea2291bc539
P24,48,0a52558323a054e205f4fce473b2d1c8681d74c761f3373dfe4dc3975baa2b9c
P24,49,a2bd7c7a917120f63fd9a2e1ec7348d4f55779a062ab8c9665460ad74d0ef056
P24,50,b36a22fbca3aa1744efe19dc6da2521224ca3d4252a3bcede5f1353663e7ef9f
P24,51,ec8e505725a0773d2afb58ec129ad9434e37084dcd2d7651fd75be8c815389fa
P24,52,6f4f0470f62a7c3bce7986add36a03c375ef4d150bc23e3d819e0c23084eeafe
P24,53,efde491a60ea70542a8793b0ff482ccbe080f0b94534c14be8b006c5e5035468
P24,54,adcd3dfcc1e99334c817e2540f64b71e1afb134ebe192aec56213cb521b1d22a
P24,55,874d669325b331d9771f2d61c662a07af23c6eda4d731bfd7cc6f70d5d67ec62
P24,56,ee2da7bcc0e63ed53fcd68eb1dc8014395bda5da34677e6ae6fabca59e5f251f
P24,57,e111c22da8acce0645b07f56744c474757493d589d63a13cbfb0708adab016bf
P24,58,d49f458de8f36d6c62bf3bbc87ba253f65267f2c732802fee4cb39fef2262da7
P24,59,01b58ad18de86240b8e29ec1900dbd203ccebc10f1010270bdbc947098bcc411
P24,60,c521a312727e59e8e57d0c8ccd961813d28ac6547b79964686e7f6ed9d04262e
P24,61,c42b016c4d45ce1e14f212490addd2c4c8176f628f58553ca7c398ed47a12fdb
P24,62,c71119416b5d26b63cbe22b266f1dffa8ca58441caf954d6877e044feb17518c
P24,63,06d6fdcb7fd6205cb8de31aca5f3744071b79fb5b52a35b83dde379202dc6d56
P24,64,33bb1720be0cd9c504a4cdb94a1ef25fab043a2ace254bba795a60c92452f32a
P24,65,5dbe679d730c8b2bbc2beb17c7bea7274b74ad9c43f445b5ce188cf249924bab
P24,66,75733083aedfb680f9e49a3b50fc0bc6997a2ad3376142d01543e9a19352b104
P24,67,a15a78cd9644d642a87f5b30bd7b530d01a4cf63438e9b404e1435ace8387c6d
P24,68,28012c2023f703141190e466352efba3140a131c1d3de2490ce924ece902ee82
P24,69,91e3de7ee9fe3010259afeef314a55597d1055b137c1e668d28dd85210409b04
P24,70,2e5f894f28755edfbda764cdaf099de608d9842a39a2e5241d505b31287afb80
P24,71,ef8cb53d77fbfd68593195ad7656f618112efd05c1b8d46891200854bfb479ff
P24,72,6a2475978fb5fcea4951e09fefbb5d32945d627ff5c6ae77a5c0bc8635d8949a
P24,73,ed48dc4ec086d18b498e91f68af591adcb30711a762aae29ecab5fb6bbc36278
P24,74,2cc689856fa3bcd054aa424271d6611660da7d06eee5cdc944ae7737777987cd
P25,0,1a0c2c2e8ca0487259e1e1cbcd80641df9d68e5bda0c627987c899cb8eb69831
P25,1,9b8c99763c6debe876f32e47cfc457231a248991feb8382fb1fc5a29cf0b640e
P25,2,028900d2a2be799f3596e313224cdd19e607905a8bff2b4e92ea26ff3ff693c4
P25,3,5d3a0a44dfe292717214623254147fe3d605769815b93781d3ca519c6e9e164f
P25,4,27b8be2e8af5f4e650cb5486d870ee9a9e46ebe742f56a33472adc9322b08d26
P25,5,cd5f8ba6a870b35541d22f27e30e0c83aa60dd09ac18a3eada10b1b18e13c8df
P25,6,e410679ed17c1d59d6f32ec4a9d8aad136cecc262c1796692e3f92d8557340d1
P25,7,c05f7b2b4a7af62ef29ac3e117a7f00ce43175f0825420594b2340198accbe92
P25,8,c728db0b4fee6f53d3ea578cbd7566b6ef43d4233f3de240916464089271a878
P25,9,98535d8d5d188158730ccfaef3095f25ad4faa3ccc84fcb92cdd6bea25b61512
P25,10,786d9eb3acf30a2e9ebd9b3eb3cb88a082dc606e8f57f36626380baecd8722a9
P25,11,9d93c1ec89e63945c1d3e35b198c1b8f44fc58968dd56a4cb877445302b09be9
P25,12,0195025389a41d89a7241ce2e2e882aae8303177bc490d8741b931dd8e8e509c
P25,13,7f7780d4fc4bfb50a16e2f4968a01607448b782ffc71d909fb30648440183501
P25,14,a1e496750b99260ca52e986229b67048d3710395b6c8a4bf0aa93e932dd5716f
P25,15,07c51e2c52485b97635c0119ba1a021c4f08d8c3a1555d607f606d0a99f69f6f
P25,16,bdc3b054940cf73b88e3039554b04aea68e463910819ae7695f324c084f48c00
P25,17,7fa8dc52383179f95acff13ea4242a0376f922b8dc481e023c5c52880b5cc9d7
P25,18,c0b145000859513f00c04c90bb14f8cf63adad7005fa4ba79137dcee1e12b336
P25,19,797c3a2ef3cbc515300a124173464f7694b1d5b177b88b85df121394601169c4
P25,20,66f4995d6d896a0941a8c90d5afa84d706c2c93af6aa8b9586f375ae88f2042c
P25,21,56168486fd3635c077e9c508e328f9f91d7556df610daacafcd6ccf6231ff239
P25,22,7e4b7538fc356150fb887d73c99b9cb33877dde5a7b2638630a20702a0d09c59
P25,23,828a79e2704752acfae398bc6d674d7c401126f9e9e3503e7b68b072565577e2
P25,24,8593a8207c50cdfce86e4eaa5fe09fda670d2445b4d7f3138c73c7cb39f9043f
P25,25,3788dc2534860b0e232715ba940b47345e2e7c745eea24d465ce8f893800f3bf
P25,26,02dd5bc1ad45bb54cced1d190f8f99d010dc32da678da781ad0be2fd191c9843
P25,27,a89d83323d92404cd9654467faf49a8e94b738c6033711ebb04ad17b21615290
P25,28,47caf3f31c0dc210d72d56bcb3ad006acbf11e98fd03f9ae02eb53c301c3d837
P25,29,56fc1a94df65894f9888aedfda8a9474ff4b57fba2c825b63fc6dafd76035bc7
P25,30,05edd85a1faf3e8c74474c9b112c399fe0eb991b8edfefcf449104550eaa5f53
P25,31,336b493a454676b2d3c414c556cb735c47a2ef6cab1687bb75bc73c27ffd43e5
P25,32,65e6cbd43629ac1064bde13b29dc7150d6b1add904878f98c054530d39ff6902
P25,33,76e8e608375bbe546d3cf856bef91760d9013c5d94f833871442e993de762d31
P25,34,1d1de22d26ec3062649dab5c85e124db3fbe7945e0978e9f43f6b7d097bb7b18
P25,35,8818dace2757d2f162357795bd35b066b678bf2fe338654640012150325772a5
P25,36,6357d6eabcb71447548d17d6ef2a435f670597158070ea19d6e4503f787847a2
P25,37,4947680ace9983b8c012b3aca423be8bac62650119f44e94a427c475c6149254
P25,38,b46c2b6c1fb0e0f55f654397b935d6189bae0f06721b77fb5b1094cb5c82c3bd
P25,39,568c8510da6cb9237b674de42d97da67872e3bd2b9f66b148ae4387439518543
P25,40,b05fa445eb85e2441388cc08b0388d98deaf8519a9e6b928ee21105a09799692
P25,41,90a37c8d13bd0c9e6b019a3ba335d1fb1804757b3f0af73dc3e25feabc3e4d6d
P25,42,068f3ead58ef970f971f549ad305bbf63b74a54de18810124fae0e84faa0ce86
P25,43,fcebab18a7eaef8871ae9033ba1e030561d76a10fd6807c8a9e7437052a4ab34
P25,44,fe9542fea19d5910ebb0518a6a87365560fe44431561656edc690a2b0f4821aa
P25,45,3889a74a23d941a9b98f87fbf0af1975fc6cb612c68453053529e024d1f39c8f
P25,46,ff6ea844b9849f1cb2a51f140adcae8e5eb51a78ddd0f5a6d86219e2cd1cada9
P25,47,32ccf6554de8d923eeeae84078e48bf3fac024a9213fbc79208153ef92d02efe
P25,48,88ae78f8b53fe4d7f6b54531a75fc0c9d20ce52663331f9828238fcf2e79f159
P25,49,cc94e589bb6ba3e7016457bde909a1a2b38f81f201231365b8d00e31d0f47034
P25,50,50e3fd76dacaf69a223adb12d4cebfa5598db8d16bcdd6db1719dd43f8eaadaa
P25,51,a3053406f8e5bb28b9900a7c3ac2feaf4c8ab114abad302a1bb6b49239ca70f1
P25,52,66f30188a9f45f8bd2b86363cb8c0eac1cb3dbf8f8087e91362c67a2119fedab
P25,53,70f59e5b670a3445e3c2d1a99aa0324d22aa548ad0c6213f7b4574e81127db40
P25,54,7b786c315b141e1b4a574aa9295def8f962e150371b21bf9073a8344555748d2
P25,55,74f6308fad8913d00c009ae8a9ab197438c97635caa1e6565864d731dc224b21
P25,56,5c0b1556dd015aab70dff521e2d0d2f2a842debf4e804faa70dc69f6827aadcf
P25,57,d99ee35b91efe287af9299eba8175d9f9f85ed2bd603068456ccf92bcf914de7
P25,58,ce588c24feaca0aa0141f8f123fb9e670ebb73fbc95bd8e542689ddf8488d933
P25,59,3e65e6a5b2b97c833efd19159a2d0bf89ecc1f84588ad6e58fb51ed213949bc6
P25,60,d5acb5e29d2050e1960f42b83612a12db74982ab086da27523fb7cc57db826fd
P25,61,b67a82b133becd2fd206ef5b52832fd5daf1dda00cc22673d2fec8f87d2a65d3
P25,62,6b18ae10b45d7be4a546f702e989bd9cd361d915b5e77ed63cbc887f1641f4df
P25,63,ad68f198fa39f6bc543f9293b94b1e46e123a9847366a3fefd71170b5e2c565b
P25,64,31bfbd6070c22a60e1c4cf7ff974f120b2c7149b22acaf03a9eeff74255b1e10
P25,65,eda0f9a694c340b229455e148b1f7750c471bae21e558b03017800aad22fc948
P25,66,fad87f2029db4d5336be993cfed282cb4c99b2aa4fc97b85fce077607b14d64a
P25,67,225a9edef45b7990fdcc8e104f34f1f596b90ed1f6440908013c38427432e6e9
P25,68,6cdcd1c5fdb8964f9abe7611179c2827a987350edf2f55a1fe99fb627b16786e
P25,69,2bb4b458fc4da6c257a675b670dd1f727f89c0d109d715152c333b3f1cfdf8c7
P25,70,8b25c0198ca91f759c9a4a6d1e2208f6e46de97c82a9f2e3f5ce00482bc7eadc
P25,71,2183031844938fc9db163c7958db61391e95a7420e72be87fe8f96e57e2674bc
P25,72,0228ba2f63042179e5b48bb44589a480653d7ab435d6e112f3eb9691002cba22
P25,73,49cb6f6fa235378e814887537b60d60da505402e6fa2f84c11b121571c85fa51
P25,74,e9129c4d4108b583a5eacfd84185cfcd2be629d3542c1e4b5d38556e4cdbe41a
P26,0,b3b72211fd869c826e7945187c3ee6f8671f7a60fb634741547ee6039969622b
P26,1,81b52ec9c31fc5017c33673a131a845e9a457d3b9ca37104783063305915163f
P26,2,f03a0c55f70dc59bda0014eb997f467c072be0f9fb5c1fef3f0110f41b8aa6bf
P26,3,e0f9fbf7ed7e86096687ffdbbbe6e947b365d972a80b9e2b6bdf8b236e2d018b
P26,4,44893f95e567903f03c5b1444b60388d0180107e1af8c327de6e5b2b6395e2fa
P26,5,2b03a020dc31c1b720fd0f08e25150b0f69ab436d3a8832c13f012552653ffe2
P26,6,f01354507f447eb8949258f361016579afef7074b13ee6006504304445c8600f
P26,7,93cc9cb3176dded35f68f52c58db1660152797eb197df0bd6d06200c385cdc45
P26,8,3896f1ee258177615365cd3a918a479046978ee92eb8da0df0372422d5b1414a
P26,9,e2e2a2276afe72c5430b4c097fd2b45f57912201ac3203e26d8dbe92b17f9bf9
P26,10,bb807f06daf28db710f9e86a78486dfaa2fe33c78373a56db480ef0a86f0e3f4
P26,11,bdcede77aab8659b113d81bdd07856126cadf2d04e238b29836cce4d4dcbe555
P26,12,a185a46b038cf3e39d973f93256151cab0028900ce3479dcf4f0735e8b1ac4f5
P26,13,bd819fb32546af82b9697ee45e860435c64570d9c63a7a35993ee6768867309b
P26,14,9d4c49811ed68e955a6ca1bb560a491bf0a10e1d92e8881fe76369075c6de44c
P26,15,6402ee9a73b1e9fcff57ea94746395fdbb78796fade4594ad87ff3c41602b20f
P26,16,106be0c3a5f5f9c89f2d6a983c1cf009e6e7ea19e8303dfa2e498fa0c69a8fd8
P26,17,d96e95a4cada66468ac9eb9b8165bd012408258e1e937002a7e85e12e40e3801
P26,18,4fd04e7868c5819be92fb5bffceaf41bd19c1801400a7fc0541957f0303e9bcc
P26,19,9ff936a34abb88f6c38a42ab9b9e4ef56a56bbad8e65eda1b86676e953deeba8
P26,20,8d2102b2ec1907344f5d268895984c9f4d9e866c0ea1686a60d837a60a7663f7
P26,21,5a2d79f33a5a3fab9cfdf26d593305b0101e6451e577025e3e2080f3b5d01be8
P26,22,eebdbc2c0c2afe696959f9be92c487220e41e74837cb4d1ea361d78338fea0f4
P26,23,59e0fd81a7429c327eb0f8ca125578b68e298b942a33b32f43991538500b839d
P26,24,78247fe4d96db5aa381b78c7f7eba28141ec878b71d4ecf6f7353deab249a72a
P26,25,3f340d0dd3c27f9afadfe3b9a88b74cfb7e40bd8db73479b942c07fdd28972d7
P26,26,23ae477674e05100c219b000eba947c546ba8b96839f334ab8d7b0ea32da79bf
P26,27,e6c421b36ed8cf6f591c45afd3730a93ce2ed311bfffe2f73683552ad94c9340
P26,28,32840bc8d3c68b6be79d061af8b30c8a47cdb947d58172c20a6b292d566f1a38
P26,29,14adc8560d666d3c6034340ff96f4d95a39d9efe3ba58673735c031f613a1bdb
P26,30,2fa7ac0c3d9fe56c7351060fc7d1538e0ec1e59830cbc57999525f060c6a5cdb
P26,31,4877fe3049d1d9528b14c2d36eb9c88b6d60e09c5ab21ff49492523d0d23da58
P26,32,89d3bae57cf99c7a4ae9ac4423541dedebd718ca6be774e4f1467d7b875fa9bc
P26,33,7e4d40aeff30e76a0f0060c5fca4488495d9717a8c47273d2d1f0866b0697d4f
P26,34,ab90fe32fa4ca0bd4ca62429cf2a22e412785cdbf1782c64596f69573c90af6a
P26,35,cdbe5446991491b2c44ca4196b50d2edc070c7c9cdade22160d1ff4824ebd57d
P26,36,a78945e91a95607bc48450d139ebaba0a3310de379c55ec1f392b8331ef63742
P26,37,85edc1e1aaff9dfe77e581bfef1df8fd3ead5d08b13fb082ce6fdfb98c499dd2
P26,38,b860546c710b07061df34cb5f197a8e697d39c58dbea6491488c7fec22e50440
P26,39,ce2dfe0d80ac58b53ec29cf36072052cdad14e9e9ad2f5b1c0e153f62b85daf2
P26,40,e77194ba6845084055424690a1dea8c91bc81bf204ff3dd063fb21a717f9b109
P26,41,156e01ed245795cf668940e8ce427e36c768ec56d03e18bf708cb97fde5a797e
P26,42,9bc981355fa2c40a700e06e72210b3a8f4ca22fe88a506095ee308d21a7692b4
P26,43,34845cd892705020f10112515b95de38bb896c0e76fa80f33f6f279cb00dd5c6
P26,44,30bece4916f9bcb8e59e2cc988aebb618a0ff6fb030d44c71dfe9fd0eeba4b20
P26,45,e9a37926a4377a485110e1dc83f5531a374c3fd0566105c394672fb267279e20
P26,46,aec5ab68a959582f94505133db14bc945fd4e0764ac6d6b2ba1749f641b4c1f2
P26,47,7cc4205aea99d647a6ab7db5cd99ebe30ec29cb5571fba2cf2d07679bc677345
P26,48,7c8ce9ee19bc988c447fc278bb9faf94d251cb0ac6f4a402f94b308d2757465e
P26,49,d5fbe9656f2aaba7060e3c8157051a8dca982f2540ed7302762efaabb3be15f5
P26,50,afee10f7ae1721200f3faa0cb1142d0b93d798c506e6dc1d8bb7043ec6537971
P26,51,bafbb2cefa6ffd3ec9aed2c1df702707ab157f35552efec6ea97143da23a87c1
P26,52,fabd9a57c77e58974c20e5c2568cdd4b3dea4baec8d1b84d1b412ef2a00c75b7
P26,53,20dcda254d1b14448d7543cfdf8871678cdb13c0cf21df7c5b200eff92df451b
P26,54,cb86abacd3c652f5f6c616836faee795f5cd4e4fa1481e226f4244a5caab1778
P26,55,58a72a12e0e0f1b1b7294ad31690e12a5aaa3872b114d0c44ea5d78bbb725800
P26,56,415d2bb8737e5b4acfb704ffa8e4049b26d6f591267d03e34f55c959e83db813
P26,57,5ec49057bacd524ae518879d80cf374f8b68817a107badfeb50febd3e260026f
P26,58,0a5de9a558898e134fc03a3784d488707f8c4ce610a1621a63b012d653c9fe46
P26,59,842f53dc2f7813ce911cd9c5e069d64023c041e61b39a2bbd8df01a455349e0e
P26,60,974d19ae833213676771adf6628ac7921e367b9b2a9e9105360b774732a44571
P26,61,040061526f48e7db11f0a905f3bfadb94a75ed5ada0c54312b7132878cfaa980
P26,62,fe5f119097b345e90ef772175a526c24114030b1b55e8c46e214cd6baa185858
P26,63,1a6c33e5aa78eae927fbdda042818432a81701fb4269f346719eb9aa9de20135
P26,64,8616b5b65b21eb41fddd4cd9f51e8cee3e45e91a2cf5de0a685b050c5b655d8b
P26,65,74214eb2d0f90fe977e2a21a19129667f4b5b609db15281f335710f9cb2388e4
P26,66,6d54ebefe70532239ba51494dfe9ecade2c394042fede8941eb2f90d7ac81e69
P26,67,df3598c1435afa31686f72dc38bdc00d1f00c3795b26e19af94e305166b7f36c
P26,68,16241bb617b0c60bb6a04826bb3f12e95aaa2a5c34b5cf8d418d2a1a7cb1166e
P26,69,fe2ef58f8d0c478b5ad88ed279185c75edb56ea05773c4c7c4ecce1067db8a61
P26,70,e43df6907f6850e393caa0a189db8e9c4ddd49ec79e4d31918eb223d52af03a5
P26,71,5d61fd95f82b0480da502af02efe78f18c9a45bc88484cf3892a87c435e07678
P26,72,4e81018f1742241f604149a64aaa33f0094c0043f4abf44506aea11e4bafdcc3
P26,73,8174213b88ea8f1c5226e9a094ed178ff6ba17312ab3e96565451c8750ea8ac4
P26,74,f75ce05b8bfe1c7ccfacecf7f34d5aa7baedee020df6c2543fc81b0e546f0db8
P27,0,72121b05e27600f984a8acb568092789a08ce64cc6dc166b0c7a030df630659e
P27,1,6baac78cc549b6cc1bfb1588d56f054230d3d558e059137992fc9e144d6881d7
P27,2,ffb5b584c23ba8ab165d4e18848669033ce01bd72cc63eafaabbf51ee8bb9c50
P27,3,dc8cedc3b1ffce62d15f39e9e426fc41f9ae865605f05322966c258999d86ef7
P27,4,781d8b5646bf3faf0d119279abf44c33ae31ea67635f3a32c4e3d145a069a82c
P27,5,596b1ba3c24e67c1cb2ab0593a7c485d26cee2dd42a46cc92125fb9fbe0bf5cd
P27,6,ef4b57c7fce230fea8b194f4e674836fa611d5d0e8462d5028ae25c11eb8f6cd
P27,7,2197910079f7919f34df580ff6b89fded2c768a9f40fb86f92420b8c97d94a53
P27,8,ffb4769b68370b48931e58b8fb7614b169d65bf9999045edbda0ff3c99ed88dc
P27,9,0dfca43e7ad8bb1205789a0dbb183ce78b0f1fb78035f996770176ec544f89ea
P27,10,ab9a61307fd2adbb7376ef6f0eb64ded4d7a2ea7eab999892052c9bd8b65b4ce
P27,11,3ddd721731b7a33b9bb58a86966d8997a46c96e2c0b2e9763274ab2cef38da30
P27,12,5d4984f23a66d0a07c615bd9e88ba699a3d021943e24dcb03a7f523d4f1b47f6
P27,13,0f84d4c1024a6c4fd6a6c808dfcb6e7c0965a8755f9d4f8e082db018e6346d2f
P27,14,3ddd80e255fcf494c8abe1521abb3ee69a51141e403f03b28e2737ceb160159f
P27,15,721069277abb41de8ca272cd739039b0e468e6dd1f977126d333884897f71d1e
P27,16,978cfe046159f81c9cdc3b94601bbe2432b5e518d86f11ee2f82f7d130d78a62
P27,17,9301404cff903d016c4c380744166ed49de0609e4f24bdfd01bed4bcf9deefce
P27,18,c80ee616e074dcb98a3038b60f296e67aad65d3e9f32c7d2b05dfa24846fd00c
P27,19,9c7b8c0be38ee40a6e949064a45add56f196883962b13e0cf546f2c63db86ef4
P27,20,e18848d107d25f630856578dfb1cd6665a9f603f4f269b5a8655ed660868e964
P27,21,90a6a34c1a16970822198ec0ceacaa76b6c9c9471018d86397a8da7f3101ce86
P27,22,64fb883572fdc4508459c74ee0a0dbcaf22c8c5c125780970f180a0c56f5d8a6
P27,23,f2b6bdac7fcef9ab2ce3d7f3fd9494044690dc660c567e17bfa4c80bfb598f5a
P27,24,716157c6b127015d5a10eead70886547158aba1548877409f5af5c094286ec85
P27,25,478f4b27b71b57b90fee2ec7e0fd1bb3af04fe614ad6c793938b18a81b5308d8
P27,26,b2d6dfc48aa2497146aa9f3dadba1bac15dc04e843b03203cfb21ea3467045b1
P27,27,b64c67f0fedeb66153f31416c9a44dcc44f4606dd1672aa76fb67ab38738bfd6
P27,28,da8e46dc15ac19fb705e193fb17a558fd4ef1b815cb841b541d34652d3d9c0f5
P27,29,655da0edc49d987d26ba32f4aa3c075a36b8d0ce035a8fd21d42979b4d715fdf
P27,30,b6c6433ce2bee8484f80ff07c69be02ec4ed6d28c99377fe2fff7909d0c0b6d7
P27,31,97cd460a569dbb12a112aa1bc8be5cf90ec83afc8b403c76c42d9ac2fa970063
P27,32,207f305285eaa38720f81e8f63a3b14e51caab469b71d855b3047a9552d8d2c2
P27,33,a56f4466ede22b36b357c18822e74e478695989b8adf2845efa91c028a6340b3
P27,34,ddc4bb9a72e227f6b66d6cc251bae85ce33ede8a7b3c08379dcfe0058bd66c1f
P27,35,8367e8be793c290748b375678daf500f06d7f9f9d7a8aaa60b9587bcc424df2b
P27,36,47e2afd1cc79c25aca0731ff9b7b804939f1a307d2dac3ddb2e10aa2195a03c0
P27,37,365f52fbce66a74038fb47912b9a4430ebb88acaed7fa7efb9bdef2722533b8a
P27,38,8839e3b6e74d8120ad4e133e5133352b1e84d6142d22c439623a958fb2d23f1e
P27,39,a31de2e4468e542fd44638e80d0917bb174c6609e45fcf22590daa43bd594d37
P27,40,7841f59f545bdc558d42291cdb8c08394f379e78ba2659faa86c6510e6507456
P27,41,239ce33c2de0bc42a6543557a9b3f24bd68d8197cd7686ae8cfa392f83d3a754
P27,42,4e274aa1373f2413186f2534e5053cd5e96d068d570ffde4c20a6bfbfcd6da9f
P27,43,233ebbc8bda0508ec3eb98e2dfaa0a686db359337a73ed873985b2ef77239f6a
P27,44,7ee9a66bff0149fa0a73dcf944a3ad9b355cb2463338a4c12eed107e98875516
P27,45,0dd4eef5dcbd6af760b1104963894f36f7dd1808834afc326846428e10d88ba1
P27,46,04dbdbd6945888ea51893804d16c412d319d73e0a83328ee85f308dbd030d6f4
P27,47,e96d040dbea5ae601a8c1ca91aecbc06cd11459ccc0737a5973c928f58f812dd
P27,48,65124a269582c212514ddf080724ac467c4d828c0013cf7f0c0c483eaa8c46ad
P27,49,8249534e69fce4df0611e5339f72384276ebab62209ea28a7c10f62a43eae763
P27,50,9fd7f9c13397c66fa441f6bd23fe0d82cded657861af13feeaa0296d052e641f
P27,51,f23c0418ce5a861760ed9a0f30799a860ae4bb8b8de15e621138fe29e9654ab9
P27,52,5c6214fc3b99dd8ad34c5d0acc7086d6104247fffabe465d391a1d0efedf1bdd
P27,53,c0cd12c618096dce6d862649e070361f57f65283697a49b8346c13a925158849
P27,54,0e806cda29c269ddf3554cbbed258fbe3f055096044db554879f8fc60e1bf89b
P27,55,e915848e3f8150b1aff21a667da83af07dd52943379053756e8d13c2cacd3326
P27,56,e4695200eab4e0f8fd04bde94a86e0d4e47b8b23b096b0890a90ab096682903a
P27,57,1d7d20891112d5b13bf6f45793bf34622c683da76b5a5529f3a3b246328e39cc
P27,58,e1dac8453ee30ddcb0f8155fdd2dc86d5cfc22998e9504a140c203ed9491da93
P27,59,b4ff110c0b901169fb477a0e24366f6d390163d199db68eddeca9d7a611883f4
P27,60,4f3835d6150dd259d395804fcae84a4e571310f0adf03863ca57283e00e5d4e9
P27,61,7644d82c7051be941c1748bf5764cb9a83565f505f21e4bcac588a2a7ac4cb16
P27,62,2d89311d8ee59443a7ae1331eb5b65c503a5db12773dea24e9b2d2d20a4f7270
P27,63,4a22c0cc3b1e3978cebd1bbc74e81339a2414f7b8c71315a65bcb71b190f2574
P27,64,001e10d544d48772c3bc23f581fbde563d52840d62fd20f700d5c5cf0b183ab7
P27,65,df773119b8234c5a2d2e0ae02a1d5b1ae289cc227743b5383e2637b8c3be28ba
P27,66,7410eb659c3fce71ee3b6b22bfb798a90a13e849aa1de2691718ee61a7f1a81b
P27,67,6b4a0fde25caad9936ec9262f2a6c1ecd1881d99072530d417b7c2de51f51a2c
P27,68,b418803581efad17c8b7152e898448518878729645a14ab1f3b5f0a1c226a011
P27,69,1a7ece9219860b6070868ac7e127843b836a6d302ca9c37810d9229d9db7966f
P27,70,a362c4ad8944485094a2e8164e7f68ecee9dda4c4686a4c5d2c6a7f14007aca1
P27,71,8b05b8690957b6c7199e906e696fe85385cdc066ec3c609245903066c20dc75e
P27,72,eaa9ddd2f9183a6d07e7cc7683374ea1392e5ee6bab8b39d46032adc7edc17aa
P27,73,65e5fad8d8d3487ceb037a7cea253b35203a3cd847abeac6dd38a871e42d92a7
P27,74,6bf4313bbd3d74dd0d839afa978b8be11c636f708630f738be355bc8db63331c
P28,0,60651e79aedd9b1844076f112c8cb6774d5bba956f62d98bf1c092c3ab2ff980
P28,1,a525d2771a81923739769637b47153c7df70f733687bbfc9b77fd0153eb07b68
P28,2,c98e107a40c8cd0897b132d29eeb75ed495f5944f44462d6d7fa1402009ed1cb
P28,3,d90a0882970b4be2464e3d24bf3799be010249922957d1cdc5b81ced06fd81a3
P28,4,3dca3395b925e6fb56f4145e104bbf333861179c36fdcc7ef9328a3f59eeaaee
P28,5,b7ee23257b264b7d0cc0043318cc2b978bff3706062ce1534a0860be54f7a4fd
P28,6,e7942934b536f2fd8bfb6f1746fbaf747b998827c26593424c185ea0e514436e
P28,7,cbd2e73051260460f78b10ccac874b1bfcadcfaf3395256f01af055dbeacffc6
P28,8,f59b985d0c8029995b88289e183540a15dba9d97e726ca20cb5224fe19e817f7
P28,9,9519b9f8a0d3286b96f4ae1674140e7441f2da8d143a34291493dc3942651d6e
P28,10,27abff707bee698d4fd2bec3e414abfb50dfa017e916fd3f261deef2b90d130c
P28,11,ef24ab679bb88cbf8206b9dd676935f7aec8672500560a494ec361fb83b55177
P28,12,a7bf6a953afee0cbeeda9f048aa0ac8eb89eeba9cffe04cac6787aae3b710060
P28,13,6d474fb74cbebbc9efca35a1e5aa08629bb1ddf8e5dfcfd043ee8e996ed3fe64
P28,14,da4ac55f9b88099b43ae459e6f2f2b9cb595cc7af8374091e88df8116a50acb1
P28,15,19d7f02a9058107862f8bff0dc2b13f6097d6499423072205ec5fa0ed2c7148c
P28,16,46d700c1908767c82f873a563c730c93dee0c42218921acd110e7cdd1f9747dc
P28,17,f94d9d9255c6e1af48aa9c3ccb154d84dd428e50198ab724afcdb814058c3627
P28,18,61bb37309431fb02d4dafac9cdbc3c9c8aa8bba105cee7792f748c2455e081e9
P28,19,15204c3ca1e8dffe28ae36d8bac8ddbcba7b45665087f487abeca436e0ca7c9b
P28,20,d7c7895f546ed827e824b12849bf47060a9419694416706217c3bb07698853b6
P28,21,724c9c9fc897950ed3468ec01bcd46477e98a93b444e4e099f506045f42c6237
P28,22,04c3752c0473cff67a80516a4b20b44b28972ddc08985067de91cef0777c6ce2
P28,23,a6ea800ad27f93676a17c08543250162951aa793de7705232e0f545556047edb
P28,24,172efa053924e1216491bd7ec4fcf8307f1ee0c892c8841351762cc692234115
P28,25,2ce1f5f29e4fa4e630dca92d33f7443e86ead046f3418690e3ce0c3e6756bc4a
P28,26,506bdfafe0316f8e665897c679eee810f6900324db9bcd4a6cee97f2347ec831
P28,27,717c5bd6944a99f9325929c29fec57ab72ee99700f46fc9620d6589cdbf50dbf
P28,28,115911683098046d5d061e388e6186288d7accee9bf3866e2962e7f413cb05f9
P28,29,e33f45562854de1fb5cbd9f29445e36d69bc72ce9580dd8d40c67d21b5dceddc
P28,30,2eaff87c7bb2267805f5d8cda6c3fd25c94017f1b491f4e71b60fbbe1da52e48
P28,31,d75e1368cf8b0e8df97462b47e4b720efd834159f7ab8e092151f4c16fc54db0
P28,32,7c91301fb349f16cae42ef4e45849f54e5ed9737afded3e137ca4bf2d4e9f751
P28,33,619fbc453e87c6d718fdc3d9e9074e96ec9e9c3fcb7e1ccc37743faaaa00f2c7
P28,34,3aa29929230f7e88279e1fc0c3a6ee7434b5ebe47017a9b09a83abf9a8f1f586
P28,35,586340fc9b97eaebdf639a45a16c0285571494db4ddd2a708124bc2cc8ecc812
P28,36,ebcaae9c5d266430aab0d844d15a9206d29e5e92b3f3aa2f2603f90cfd64780d
P28,37,8e1b07e80e0a609821ae0088b9291242503560e8063008b89e2393a151735cda
P28,38,a5aea2e408abd0e13ee8b3b50599c82b950a9c8096c6e3ec76b616fdb5b7fc67
P28,39,63349a3b3f60c6ba5b232139f30ab245a9fc98eb5e4a2715cc7d46041bebe3d0
P28,40,9191914801e64431b896703f8c8b2cab04f2816100274b5b9457864524d96b8c
P28,41,fcf49529561b25851cb7d69a0b8d91a79496cbc0d71250bed97f551cd8ee1814
P28,42,d9f5077b5770c2e9c28afe7252a065e5867b6146138a0d6891d8d15ed324deb6
P28,43,f392dfac2ac978557a9d445b72780bbf10b796a89036791581c0f6a40ed560a3
P28,44,da6c9be6e69e0dde55f500090891855247aedf296e92c77feff3270e2a29c4a0
P28,45,7fb68fb9afc378b91f21e9e2047b44cb630e17d613bb12d5e1b25ce5f062fdf5
P28,46,deca898ce68c0ad882eb369101b5539faca2e773ea00ba3fbfed5586057dcfd4
P28,47,8a02b0f6e255384987071a175edda5ec202cf018de03d3f1c970e745ff31b4af
P28,48,cb08126db553b6be1b464cb430eb5190954139388176e3c680475471c66bfd78
P28,49,83ba0998e874e951db680adf73f9bca3613d7239d11baeb3c18ea8887ac4911a
P28,50,cce74ad1b92b3375b762289975aa0d98ffbfc21c9ce13a2d3ded612a89292384
P28,51,d610e1dcb707c2b9c73e5f73fdc6b72fe1a6648e3f645f0fc4f77eb9e5504fa9
P28,52,f593d665c07dc56473b31f05145ada9a7734fe70065e9133f76434c85e0dbbb5
P28,53,e38dcf1489282cdcdbac50b9f86d7f1e0fb1b2396d21230d7e0f1bd9ddaabeca
P28,54,006d3865eac0347aeddaad7bda77f6ac97fb99a531a3e0f9c38562ffb1433dd5
P28,55,ae75c5fe01a763bacbeb47840c9befac666a8160a120f2c637ed05d7bc67ed76
P28,56,9979d241d76089ccce992e1600bca8b8f390067ff80f0e6386155a12f321f1d8
P28,57,4b81050f4ce14e64122db1e0d8e2aaafa6d79d0cf546181bfe9443968f037fdd
P28,58,8c47c1802f7ee5222e0c1bdd5f167b6a413700c46d78583f8616e8cc340ce4c1
P28,59,d8a2b56c3797b7220fd8700514b76f7cf3f6b6b3ebe8c5bd1e0e145bf03ba29a
P28,60,75941c8831512492e31aa8b8c28bd6d35c4aff7909f172762c900119dbf34f06
P28,61,eaa0a36a3fd1626e7c3f1bd316b18991a1c9dc2cb713f2682d3438a03251c7bb
P28,62,ec239ed327c2d43ffa9293c7b1354cb32654ed87ad128207cc593b056db5d708
P28,63,e3a5c4871852c81324d9eb2be1a77e5889ae179c56bc2ab0e81c9db5f0178a96
P28,64,5c905f2112be4ae038c0f6d8c0b18e30010ee1a4858275367ea004c63f26708d
P28,65,35009241874377786b0c67d15b0223959b43fcc37ff23faa986435aaf1d7037d
P28,66,238609b6d63653f1d99a2d00081cf8c6796b12763635bcd36255b2dc53b9ad7c
P28,67,f9b23b822e2fb3d72fc42bf3d08c62f0c8a38c0607c33d77334ace67e64e34d1
P28,68,2b8706feb3dfc562194c163003c07b88ad36df03dd0bf0714bf733b649324624
P28,69,bce05da32c933e7f80dfddb168b59430a528e8aec08a645d601c46410602689f
P28,70,934f4c8e5249e0f8f89a58ec767b76fd85b495c871640d6a0609c733336c31c2
P28,71,0579566c51b786546f69b974fbf677c6b9ab337f00a3e4349983b473d94fac59
P28,72,48dfed5dcdf7c753428e0de320d77ea34f7972b85088bad849f1914d3f783451
P28,73,27c6418e5cbf6ab5506ca00cdfc705ce9e557cf4f255721bcbbc79152a9fd3b9
P28,74,6fcb45bc1c55714c220a3f0a2637efa97f86a180817be26f355a26625ffd65fa
P29,0,e0f14e730f0d34d5e344b46ebe319b8dce0b152395570c34b2dc2c3bb8244214
P29,1,97f0f86c78fbe31506b5787b195eb6569d46b560b089ccda1b6c06e19baf6bca
P29,2,6f9397ae8d5486814789c2c1a674bd66d4aab3fc60d6981c0b202b65e2690988
P29,3,887c455fcacb58a8a4a0748be9c748757b523f8af7441f8552a5f4223a239b65
P29,4,1a03bd9c5db53a10c0e7b16caa74331320bfe3052a6ff4f4d95f17cd1b4f0432
P29,5,5794866acc3a6d947b654871830dd6faf686ae296dcb76bacb6d6fba0247afb9
P29,6,88741fcaaa0990fe155cd41702e748508bf0ca5763ede0108b08b29296289ffd
P29,7,d675ee907e5f72722e019efcc7d696ce590dd2b30312deaca650340d99351994
P29,8,6c4649f0a9a0c2bbd5fcd85ddb2268250a95e62685dca60b545702068cff800f
P29,9,2b98d8cd9f2f9b9d46c2b526e8fb26817c43a2b7e299fd3bc1762f4c36cb16e2
P29,10,368fa380207d2634396cc0d895061ddffef8996161acbda3b16c1fbfde236fe9
P29,11,ade3343b4272d96e020fafe76feb40c8ff286a8d023040c7230870737512e1b9
P29,12,26ebeb8e7db163ab9468a237afc12640b549a1afe7d26eefc0bb44d8c7b3be30
P29,13,31b3e946a7ba7bb30cbfe190bb573e96f30e3b9d70eebd668460819db67a92d0
P29,14,ce6b278d5c5652f4163df01161fdbb0e7e9d7b40640949366df9d050dd5dbe91
P29,15,ffa1591bc9b9cbf76da6a99304ffef8568945f8c16a96a9aaa021751038cea74
P29,16,cc5916f6f4d7e74d3d245625b4bceba3d64dff182287c0e1db074340a7f71881
P29,17,22e1b7dea74d1e1ed252670fb968610193a40326cc49493257bf47b2b1a37bd0
P29,18,1dbbb0dc7024ae1350ecf2592e52353669afe93881289631c69801f2beeaa64b
P29,19,2b50158f81eee8eb282beab475d635fd52fe020a4b825fa903ea4412809dac92
P29,20,b3619e4fb1087730fa406e818c558aba10dd88663a366401a48f7cf3e93672c6
P29,21,9c00846cec0541ba63f8a0b7195f5f66d6bb65aad85c63f7db40c57d005cfe09
P29,22,5677a00d1d0355248bb9f1dd3ffd691952e8b9ee35fdfa54ed476a40448ca70a
P29,23,f0353d37d1b8100ed976b6fac2d8374eb9f3be37cb3e374625c47a279d01a978
P29,24,392ea4bc2df7d18e72b4964645071bcb97506790bd6745573f067df01f454563
P29,25,a1ebb114da39308a59c86f523ee7b5668d78d3f8d462b0ebf9d1d12c5932ebab
P29,26,4a86d351c78049790bd1f27823ce0b3c4665f8f31bd6c4d6df4687b0fdf46984
P29,27,1a2f061e7b83d7f141c7ab449ef7c544aafff7e82ad4f041e342f690af3ae11a
P29,28,ce054ca08ee45fd01c72456b84c8dd70de5be19a4507a0595e493f240e96b6e7
P29,29,a76b2d15b4ea1ab6f88df32d7c9ee5e79e38b933fbcd42ec4d7d60ba8587b29f
P29,30,0fa9baec36c18b8948adcdc65c772c7af963ca25740f56c0231ae95b6d0c3534
P29,31,cabcb483fabc7b15a27f8a0ed8155e5a6bcaa960c8ec8e78f47c8a307fd3478a
P29,32,a8e0261650f4ae3f6fef6ae5b66c0f05d520e64bffc1b220daa727500cdfff86
P29,33,3408c51b25dd297031503d4fbe9b9bbe4cc34de90df8b59cf3e21f596d9cca4e
P29,34,630e37576fa647080b2df16a281ea62b0ea9afec8d8e323b751d6c2773de683d
P29,35,b3b77551a80a1c31dbd8addcefe1c4dd24f0e4f32c8a59d56ce60fb8fa664fa8
P29,36,a453f858170361b0b38f766077724bda12283f474115c409d7bb05ba08bd1e04
P29,37,2ed5d5338e904652b4b7b85e931923d0dc00722ed8092dd00bca9c4bcb13e4a2
P29,38,0cd4031988dce10387932ec524dc40c920db89f7a9b511635899d6488b60ac6c
P29,39,6574343f9866090970758a71b86122723de205ab0a87eb203b3fd4846bcc8092
P29,40,fcb4c1de9ad8186dc5c6517a6936884d55b46e89217cff07cb6cda6c360b623e
P29,41,9bc4deabc45771244deafc685cf5fd2edb59b2280c7db4d75b7ec36a790ba56e
P29,42,c95d1b2771d07ee99cbe99f32527ab1bed04adc1bf8b2c98539764bded15db84
P29,43,4ff29be076af0eecea251ecc765a9e14cbfe01167918a6aa6e2508b219145863
P29,44,3719e7da8da9648c3bca983fc2956471721217f2be4908b7a0b466d867470cba
P29,45,e6e0f7f0290b9dc40e6b866ee5d907d637c72f41caab39a6e1df440969df07c8
P29,46,49cdef934cdc03923385e45d93c9fc941cd40244e8c7b5f1134ebd61d303bae9
P29,47,976a6bc32cca1b252734806c13973ac79ef23fd974b04e126218d87bb2ca573f
P29,48,a88eae20d8a2d7655e031d0f898ca7b0e0e1a474180169a162822dc353e8e891
P29,49,451cddffa19530a27090f1a6094399dd4c793c46e9c5727d06d09e37e0c57acf
P29,50,3e50ca3dcb79bc9dc1fcfd03133eb51f25f0052bdb99c8da0ff9ec4e2943b237
P29,51,01a9e0a01c4e80d5b4094de3c2f805d04e6eb8115fa200b3296e7427c7a8d209
P29,52,5a527f02f9f189aaeaa94c1549e294f8d13639c52d60a8a5377382c66369c755
P29,53,9244bf822b3db7f938bdb3841f4c1775b429fdfe0d7dfac4d508b32280167468
P29,54,60360b33cba343751d7dc32cf64c4c24dfa4d2646b0fe04940c4af5dcdea45c4
P29,55,7ae6e83edfa19f68e662e556f8267f761fc99fd4936180bcecf7c6cb7f13cabe
P29,56,ba10e9f863433048095bdb29a742614c485ebb66105fcb92727fe032192450bb
P29,57,868b251480546374d132d371cca8326cc4542a6d5e22ec7f3bea8864fc9badc6
P29,58,907c87cc1b05f518e4a1ae7de063eb24fb63ca6aa5862d4b2a03d8dae1af2117
P29,59,dc356de48b3cea6891914e372e9633c7cd2a20fc23209bd9839ea834740f80c9
P29,60,4ab3891fed52a1d0aa6959fa2bea9f85c636339fc886cf312d621e7897b01ac4
P29,61,2c40729daf684cfd66e090262087c97d4d42963178b852f16f28515e5d4e59b9
P29,62,56a6c1c70d93019632ab32ebf5b2936f4cf6036410ad75cb70eff7a5cd007b51
P29,63,df94e66caac121c0b7010fce0a5f69c8f5930598cae0bf5a922e7452e6a5861b
P29,64,c80d3f0743fe38abdcfea0861ab28ccd2f2c68cf2685e0e0635dfb08637d3ae8
P29,65,b1d6b2eafe91a780abe2247a554bee915fbaa04c8a60133657b67a051283f6cc
P29,66,25b4796806ad77573ad8c1ddcb4c00bcb6a86e9fa557e65db1b7606bf1e85af4
P29,67,d6c6b604bf43fca3b398907429df0945472f5e5e1adf06d37d2ec549ac34c8eb
P29,68,20cf11e0109fcb06be8de30a0bbd19e6d667b49cfdc7bcfe0f9500a0e7e88aa9
P29,69,b52b94004eb1f99a0a4361b82b9f3dd93a90ed5ddb36d356a96bf1af2af48cca
P29,70,a85f3cbdda18f1dd5425fae6696c13db164c7a2c53759614eeb8f6511f91786e
P29,71,807798df320fa256ba4654477991fe77f270445be85dca4463c8041ba89d526b
P29,72,9ac374cfd29754720ada724e07aed11b9ef9461041a21f5cb0eab367b374fb03
P29,73,d59db8429b0f9b14ad638229664b204da7bb3a917531a52652d80c69eba514e7
P29,74,d97595478b063b8916f2bbbe5e2ae826941f57627ef859d58578d28372b350b5
P30,0,3f69b53a0bd46e5afd6dd1b31881d8ee0d9e4b72ec3a39c63287f5e3f5c26108
P30,1,1bf78e1afe7540ac3b5bb2a115669f019041c3d08933fd593179db9ba9453003
P30,2,d2d0a05591387cfbf9cb3f63189dfcb69c652c6e696adce19fa206296d189887
P30,3,8bdc4310fc39fa05f33cf8a0b293722ab03ff59e27cb6edd27f8346babe9fe86
P30,4,f661741c95ebd00d290d5ecc07d04c1fc9e4e53752a1e9b3add34f557c7baed0
P30,5,b96a01c4b6acb51b59aa69b02bdf98a3c1a38bb3aa2a4adba1a40e5795e9025b
P30,6,cfd457406daf88c1cb9dc1b3dccaf5bcf95832dfced937fccba480e4e972ea20
P30,7,4d9a22c66af6abadde962cdcb5069b854973656faba03b769a6ec81d37215d9b
P30,8,c3a62726fb6b12f82be9c2f1063d367a7130f05d0771d85aadd879dca815a620
P30,9,c0bd362c1da2ba2a5667bda2b5074f05d4c617a3d34c3632fc647d21390323a5
P30,10,556f77485c245fb9248a6a6a5aa8af10f507eddbe68aa2f15eb5232573f6556b
P30,11,c47d290572aeaeaddc9d5b3ef05b9b6cefc98d673ec88c865bf2c492b317439e
P30,12,c69ae684b787869a6e31ca1cf5c417d2376a1c1293079dbd95521cb8df43ebd1
P30,13,1166025055429539f18ca45de43083348d6b380976dffaf13282887aa7418a6f
P30,14,3c826691049082b8404e7ccf56bb22d6418b968d9767cb003f6854d71da20f4d
P30,15,9cbbb4adb763c21c939b3d4ab7ac715859340ef6cb7a07a8316f03c4e29ad1eb
P30,16,f7d1dae502737691d3bf59787a90a07087603bb3249fd999c19b418e616f88df
P30,17,33d3d30b0c54f0840fc4ec850cb4f04a7ab2ea9f2228df726d7bdef7683c2d9a
P30,18,afd807c10284e67d550510a68250caf91c7a5e19b06a0bd31bd3bfffcd74e372
P30,19,bf1a1bbc2fb157ef6cd80c1d7651b363fd64454109bb062f7403afb0721e7ce9
P30,20,a298cc956c8d9047e21fb0b73a999c8caf18cc025dd5a75acb211570442ea33c
P30,21,41b248e75599d072849be8f056dcf7a1da0c75d601ffebe2ed5144fe946ed104
P30,22,8ec3aaeea127feedebc83df946c62023fb1385c7d7deb495323c552ee44ce5bf
P30,23,3ddcb717e37c639a08e44e72a48b62b8b3065ed8ab452f8738dca841cbf9caa6
P30,24,e15c5531fc7c335dfc057656461ecc6d69c896c1a23d83de9c282d2f168ec012
P30,25,80b2043a01e0dcf11096454259d252fa8bbc06176597c7ea9259f36b4e1e6905
P30,26,e97f8d2ccda4e8d0f9464b92ed8af94fc406d0cb6928b710dc2328958345e8e1
P30,27,f8f41bd9c5c1cf4bb7497dfdb8883e1e515f8cb697d1ad524b8563ef8ab1750d
P30,28,a7121aec6a85717ccec42d28343f229e113dc79662b05897de4b98946d45a670
P30,29,45dc260d1f86e93da79ecfc2324ec0c2dab464a6a8e955881263b804ffa678e9
P30,30,e96460b650c23ee36b9e821f430cf843d8fb233a6270b93280f532b63a4fc915
P30,31,0b5710c2e650d22919d9240635a09f51698b42baec8a76fb2bb7930e22f3f699
P30,32,cc36795ae44821baa0ab3ea034053a3ca6d72c9eae498ba37d81a993500ccc78
P30,33,c0a13eb79912d948f868343edae8e86afc2c3c728c334a1dfbdc629a6d07fac1
P30,34,4fb344ed4a88d74f7d1cd9502d65f98283505af3fc7a6b6fdca831ab096b0824
P30,35,1d78e3235bddf53b15e4eda60e12ed07c92d78af9889e980b7fcccb66a38bb74
P30,36,8bf0ceb04043e28109d1a314036f9666cc848ad1c6544bf548238fb93d7ea74c
P30,37,93a792e151697bfcbca0f3d478111fb0c090b55ff57906898d0943bf4867359e
P30,38,57cd113c1af5a3c24b59d1c63b42dbe8ae7f8119527e8ad74475ca255ea59ec2
P30,39,7ba219097fcfb8f3e896172ca2b47d531a15b8be26dbd9115158b7a3c0e959a9
P30,40,fcb56537678a0491c143070134d7d8bbd3a44e4012c9817ffce500cef8eb4831
P30,41,2760cf7871b75a16c94d25f579b3d4f6833c99039cd383e9a578eeaa8696c1c5
P30,42,95b3afd877d8e01b018730c3ff887829f5d0eb381975dc367fde16b619371927
P30,43,fae2da91b6867646bafdd70745d278b9601db36c4f1de49c479c84249b6a02f4
P30,44,c542fcdd5425321a1ccb638e7ff8c1145f31725de00b91727b58fa4cd0ce5e4e
P30,45,14cacf0f4d32bdb2f9bed47f7ef15c2c7aec863e8437666989af226e107c3823
P30,46,9a4fd5037a2073d340b854c480686004fbbc660817b91816aac6ec2cf37d27fa
P30,47,2a430fd573ba0ff7ef24022fa902a499a53ed4a492750494e0b56d1fcf91a802
P30,48,4689d0e4419bca960f26a29d0f5590bd65014b3c15b96573569137f49b752f58
P30,49,4f3a64c3e2156b26856e39872df62b979f64e389006f7519959bc86b793c5927
P30,50,d4269ef677ab513a841f9c7db2a971eee7d42feadbed9e58042dc3fa9946a66d
P30,51,357ccf5df6385e60fca86f58661dbe28ba9b967589c47e4ea08851556e0fde26
P30,52,037c2ef1233df20c09be777d03e4f2384a4d75ad08d3ea19471875197eaae183
P30,53,534c0f561fb93f5c68352037b661b18dd58ebde9939db5a9fa429271b1c0c0f9
P30,54,886e7c72d84cfacbf390bd49f43782afc90433c50043a31ec4e0997e734c4f5f
P30,55,ec5d8dd34857e2c95d66659d1e577e71d9a4dee822588b6b53dbf1a842efaab0
P30,56,82918ca01d6f289e0442ffecd49b3402f6c89cbca3d42841196f97b57bd1af51
P30,57,6e701a5c8a0cc3e616bac512d1d41f66e70aa45854c90f0fb0f8825ecda2e1cf
P30,58,81a86043416fcdfa311a2cff000f8204a57e1ee6f23457b5ba0b3eead4ddf875
P30,59,2cbad64c481de37bbea798be13be26aabe3356da2d2a1a23868ea572dfdf7556
P30,60,475622fade97935b3278fb106acd53e2095c079312762bf4c88b409c5d2100a9
P30,61,800c162e6260f6a8e451881c78cde4edf10f6662bf8ede8c948b58d405c18d49
P30,62,de1cdf63bca9814b58e4d69889b5a8074fa0f04ad07b6939e8b2110909f9ee61
P30,63,747acad5ef3a52f51c9ddf2b7d9e8c0e88fa33cb1a3ee9b6cc35ed49f1dbe610
P30,64,77df727b2cbc8226a35b22b2d4cc7029075b2d30eae18181f22579e33acb2dfa
P30,65,8431c30e3a049370bb5bf17406c0c63967a0984aa3b9d49717f7e22563ffd947
P30,66,195d8effafded50b659710a27e7173d92e4f79ce94486122c5f03087daef56f8
P30,67,c4471b8e81ebdabcad2379bffa5b792c03f5bd4145241c72a5a54641e1bea295
P30,68,c3b787b5f4ba634f657825cfde2e0617afb44168a4c34c8fa574961cf025474a
P30,69,f527ee4fb17dda48f0ba0c63ec40b2f603a7af28b073612937443624b9dd6791
P30,70,dd6ace20567230dc6d2045056482b809a042ac5a4898851d28d7dc2760507eb9
P30,71,23e8604db6e776fdcd0e0556c135e39e44db9e8ef47a27b187d8c53dbbc4255a
P30,72,77ff9ad1a7b0d18765536579f82ee290482be47dbc8483ca641e1bd869e6e0f3
P30,73,9684bcf3bec1480201026412ae3bd7a857de3caf402ad0147db58aba3976bc54
P30,74,b5f832b4ce5b23ef25ef7f5b47d24ec9a7c2c2c11fc499b0d612789364ad6b07
P31,0,53bc233065414207c092bd4cfa37dae48c014b54c023684d31e0b334e789b64d
P31,1,cbff738a5442b7515927904229906ce7fa52153ebe02008fd6e4e506e478b8a0
P31,2,0224f748d2c9877fe51ade747b84082992aa8a8d2b9026f163a73a822d2fddea
P31,3,ab0786c0908a6be56dbe8c1f33e3e06ba9aac2001a3a6c5b33b60d2daf97d6db
P31,4,2084539f02368c300246739c77c71e9cfbc2393bbf99b5a582d5cfee24ba0e13
P31,5,5ed045eb074d4367cd3b05c32f0a26b25dac6abb355381fc534ed5578a670e82
P31,6,acecbacf95c5f0f48ab995e7f496ce8156f9eb02f95549461dc33381065c44b7
P31,7,74560b7e6ce2c839539644a711182bd1ce66043d04ed1eff285b6d1813f13fda
P31,8,4cc4f6712239199a2d19f2b843f60fce4813f3abf1b6926ba679fe0ea7dce1ff
P31,9,b31ff5b9aa8268ae7ab7520645987bc087cd33dfc0f87d8b6b8310cb15d29be7
P31,10,1340f3efb8bf510cab18d38b5dcc2565d5773d20bf2c82cc6529087fc74ca176
P31,11,2ce8909a4228cc8ea1696ffdbb5898ddd4c716e8f5056bced3e753cd4108d7de
P31,12,dc89668bef766f1f6883e5e718f0bb24fbfc3baef3ce41213edd218eb36d8aa1
P31,13,0540419e54de978bdb43d8f059c5ba8732f002cf8cfffcfccb850f9cf233be43
P31,14,fce38883ff85897691761a0aff8d1213f59f4cc12d91f972377481056da32c6c
P31,15,b6bd390c47e27a7689a09115ac4a1d03a9b853e2a0364e2c8d845ee572ec3d21
P31,16,1d54721bdd58b3975b0852fd5fa120df8d1f8e666f0e743ac7d20138dffa6871
P31,17,8d1e0c7a4f878e4552316b888f11f836da78594fc31ac44d62c22258174f4587
P31,18,7ad9207a3910c6c5fa3d7134e7c7b580f0f7f0bd6c43b6b023ec623ab40c668b
P31,19,1e4987beadd2d7bdad22df3925ad2d4e6569c18d0a561dc22c76f2b0433d2318
P31,20,a5954a935d650a5efbc18d6741a2949c491a17f93f78347631da53ec029bb0df
P31,21,02dc6a3cf4d9a6745d38543e0676c26d31a89a6ef7c1a0c8d7a38c7d9efd64c0
P31,22,27b602f16a32802a3ebcb307e87377eef8ca91ed6770280f7e16f15738ba0caf
P31,23,ea7d1fefaf46799f20b78f7d330f0f6c26b0890d65bfa74ad7d5712ff89140dd
P31,24,6c394cb8898e1c75560a6855ac69f47a326f2f89f9653dd08323556b4ff81b1f
P31,25,76f670fb2d667b11af440a81d9d8acaa1b9eb8e33e0422f643ea2349b8047bb9
P31,26,6ca2a85d94b78af963b4d6aa9eb5306199a5f108597728af269d13410a688a15
P31,27,62fad328b036989ec002214a1fef1dbc08650be620527273226bcaaf7f4a20d9
P31,28,3d27f84d2200d12add56a52c5ebb6b0a98e2498888eb53f0c40a4b8eb14fd2b1
P31,29,f9de861031423817cfdc0aba6eedd56c2255fc01863e500716c5b12755a49b4a
P31,30,abc6b31a400b80a75d49e21fbdf29dbef2943045b66573e699655bce2bc0fbbe
P31,31,cd1cce64538bea59a0a34bdfefa8cb211d3fd5e5ae295773615fc1adf99d8a90
P31,32,bf17d4a5f687be4194648131b3bbee60db32852c16ab062edb46b0b6180b31db
P31,33,50aa10a4c475f89b854a96968ea974e822e6a108eaa5cfce8a0ba168e283fc87
P31,34,ca1611af9b3e02261283ac8684d78482082531138366520de240a181134434da
P31,35,cde793ddce0c44754d65dd581d125d8d6a229ba6d8bd172f25f16f66a527b656
P31,36,568443546aefaec4a92b811899c8ebc3a952c4641221fd8bb67da7bf6eb64f09
P31,37,41cf3e7026e8e64f9a72689632f906d285eadb94bbb5efd41d6380c5787446c2
P31,38,87356965e30cfee5d740e67f4b345095cd49844210cc8878d12cecc402105249
P31,39,72253bf383f6af231c68e43c022234ddd71f3bd884c3d4791e002879a256b3ad
P31,40,8e427301ecd7fde4d28b1d376f67801bf2e6374e983eebe09a883f699da1fd63
P31,41,d6b18549b3dc6a6b11556302fa8ce99d1d9168daa5305d31fe01aa0800817a75
P31,42,2ccfc48de01264351c4c0b08737a641528450eec2e7c52c4c02d4b9ce5922876
P31,43,a8685f52060d43eb28f01c54afea3769680d5f59aadbd546ca3ff9841b735ab3
P31,44,e88965883ae7fa7243d44348722304b3a2d3029e293292d24a91862302093a83
P31,45,dd5e6a1623cbd7b32ba10db00aa20b380b01046172d0005ff4b1ea509684e53d
P31,46,d14d7b52a05c94a12c502e1c7de8eaea469e9769f53bc8f06954af328d73e6ce
P31,47,3b7e154ad4dd22599f7ae134ae7fd216870fe5ccda290f8622cb8d154056b5a9
P31,48,9c48f2c464fc1a18a709143d8b29d8937273096903e421f42b886c38756e2587
P31,49,458b61e3a352456e3ae5b93f621fb15770990d12d402a20a76839d66c0f961e8
P31,50,1219a70aa9ffd4b271345a962fafd1b489290e5ed017b0c164bf51fe34ad1ffe
P31,51,0d4f52fb35ff06a3bf6e25614efe12eb9a56fcef5b501640eea96e84b29f8348
P31,52,3e9b907b25a4e33b070a883bf90ec92e7e045881db36661f9b54709bb7226263
P31,53,b25c7840318b2d9b8ed5ccac23c90325c5c841e786c3104f9959f4deecaa9d1d
P31,54,0afa908613e0eb051b8933a9873524e4357ecda6ad9966422287cb501ddb4e5d
P31,55,dd8fab85fec506a18ceeefca127721e058a04264da541116822f4894076b2ed2
P31,56,c259ce411a6a808696e9d8a2528076f2e4cb5dae38f83bbc950f86a22bf335ab
P31,57,de5ab1ae79179ea1281275f75976d5d52dd3a7eb73ddb254b5a64b793d78579a
P31,58,188e201925b11b26071cec375202a21a74b31a7d1b5e7cea25305909f0e1c15a
P31,59,b6300ad9b10304b334ec9a88cbd336b1b5c3a3305cdb51a87361514f7a5688c0
P31,60,85c0aa5a4205f5514457444d49ae64d95a1e400a06aedc50045f268782880bec
P31,61,2938b31c4d5eee0e8eba3a00bda84a2f6e6c2a028d31825b2a78ebeb74e690d5
P31,62,d62b95ef08b9794bbcbf7061aee38c2ab8ffc5f3371d8df7457e68527f4a4a87
P31,63,56c3b7ccbb1735f4c6c621979f63adbd3571d2605a1e9d2105399c310c7c9021
P31,64,25f801f841c8d284f500077b3c1a0421d866bb20aba75aee1c6d89e9dcea39ba
P31,65,62c7c20b4a82e311a26258f6b8edf1791a24933968c03dd6c5e5ac407ecf498a
P31,66,e571e4f933adc20ca57e1fa3b50fa9d6eaabaa22bc2c0a47e681fa9ccd48b1dd
P31,67,d3e377397b51e2490480e9078e3ba318acfc44d485ac976e41f4e34960b366a5
P31,68,ff28003c5e9a4310f5f22e4f52fd533599ab183b10999d2eed9322a7c3ac31a0
P31,69,ca407a7ae27d77bbecab43b9103f30f19e69c07a2101567860fd35a09dec8880
P31,70,c088639eabf443c9ecc1b88a8cf8d0a3974e1ca4041aceea6b125f7cb531d2a2
P31,71,5c96bcbe36446445007a410f199b69cb0dc811baf444e35d4face7252da4809d
P31,72,af8aa709f24b2f4e44437d65b0e26dee93db95e0edac7ce7de3c5f994ea39395
P31,73,638f79213c3801404d88cd5a8bad547525186ef9068c3bae5b060ed9e68c1433
P31,74,d49db7013ca7c314be537c3266780848a53b3b8ab93abe5df4cde8421dda0d12
